environment,track,axis,other_axis_controls,level,recorded_cases,performance_eligible_cases,passes,fails,pass_rate,scores,case_ids,judge_guarantees
ci_dependency_graph,weird_machine,hidden_depth,"{""surface_deceptiveness"": ""easy""}",easy,1,1,1,0,1.0,[1.0],"[""ci_dependency_graph__surface_deceptiveness=easy_hidden_depth=easy__seed-0""]","[""behavioral_reference""]"
ci_dependency_graph,weird_machine,hidden_depth,"{""surface_deceptiveness"": ""easy""}",hard,1,1,1,0,1.0,[1.0],"[""ci_dependency_graph__surface_deceptiveness=easy_hidden_depth=hard__seed-0""]","[""behavioral_reference""]"
ci_dependency_graph,weird_machine,hidden_depth,"{""surface_deceptiveness"": ""easy""}",medium,1,1,1,0,1.0,[1.0],"[""ci_dependency_graph__surface_deceptiveness=easy_hidden_depth=medium__seed-0""]","[""behavioral_reference""]"
ci_dependency_graph,weird_machine,hidden_depth,"{""surface_deceptiveness"": ""hard""}",easy,1,1,1,0,1.0,[1.0],"[""ci_dependency_graph__surface_deceptiveness=hard_hidden_depth=easy__seed-0""]","[""behavioral_reference""]"
ci_dependency_graph,weird_machine,hidden_depth,"{""surface_deceptiveness"": ""medium""}",easy,1,1,1,0,1.0,[1.0],"[""ci_dependency_graph__surface_deceptiveness=medium_hidden_depth=easy__seed-0""]","[""behavioral_reference""]"
ci_dependency_graph,weird_machine,surface_deceptiveness,"{""hidden_depth"": ""easy""}",easy,1,1,1,0,1.0,[1.0],"[""ci_dependency_graph__surface_deceptiveness=easy_hidden_depth=easy__seed-0""]","[""behavioral_reference""]"
ci_dependency_graph,weird_machine,surface_deceptiveness,"{""hidden_depth"": ""easy""}",hard,1,1,1,0,1.0,[1.0],"[""ci_dependency_graph__surface_deceptiveness=hard_hidden_depth=easy__seed-0""]","[""behavioral_reference""]"
ci_dependency_graph,weird_machine,surface_deceptiveness,"{""hidden_depth"": ""easy""}",medium,1,1,1,0,1.0,[1.0],"[""ci_dependency_graph__surface_deceptiveness=medium_hidden_depth=easy__seed-0""]","[""behavioral_reference""]"
ci_dependency_graph,weird_machine,surface_deceptiveness,"{""hidden_depth"": ""hard""}",easy,1,1,1,0,1.0,[1.0],"[""ci_dependency_graph__surface_deceptiveness=easy_hidden_depth=hard__seed-0""]","[""behavioral_reference""]"
ci_dependency_graph,weird_machine,surface_deceptiveness,"{""hidden_depth"": ""medium""}",easy,1,1,1,0,1.0,[1.0],"[""ci_dependency_graph__surface_deceptiveness=easy_hidden_depth=medium__seed-0""]","[""behavioral_reference""]"
css_state_machine,weird_machine,hidden_depth,"{""surface_deceptiveness"": ""easy""}",easy,1,1,0,1,0.0,[0.416667],"[""css_state_machine__surface_deceptiveness=easy_hidden_depth=easy__seed-0""]","[""behavioral_reference""]"
css_state_machine,weird_machine,hidden_depth,"{""surface_deceptiveness"": ""easy""}",hard,1,1,1,0,1.0,[1.0],"[""css_state_machine__surface_deceptiveness=easy_hidden_depth=hard__seed-0""]","[""behavioral_reference""]"
css_state_machine,weird_machine,hidden_depth,"{""surface_deceptiveness"": ""easy""}",medium,1,1,0,1,0.0,[0.0],"[""css_state_machine__surface_deceptiveness=easy_hidden_depth=medium__seed-0""]","[""behavioral_reference""]"
css_state_machine,weird_machine,hidden_depth,"{""surface_deceptiveness"": ""hard""}",easy,1,1,1,0,1.0,[1.0],"[""css_state_machine__surface_deceptiveness=hard_hidden_depth=easy__seed-0""]","[""behavioral_reference""]"
css_state_machine,weird_machine,hidden_depth,"{""surface_deceptiveness"": ""medium""}",easy,1,1,1,0,1.0,[1.0],"[""css_state_machine__surface_deceptiveness=medium_hidden_depth=easy__seed-0""]","[""behavioral_reference""]"
css_state_machine,weird_machine,surface_deceptiveness,"{""hidden_depth"": ""easy""}",easy,1,1,0,1,0.0,[0.416667],"[""css_state_machine__surface_deceptiveness=easy_hidden_depth=easy__seed-0""]","[""behavioral_reference""]"
css_state_machine,weird_machine,surface_deceptiveness,"{""hidden_depth"": ""easy""}",hard,1,1,1,0,1.0,[1.0],"[""css_state_machine__surface_deceptiveness=hard_hidden_depth=easy__seed-0""]","[""behavioral_reference""]"
css_state_machine,weird_machine,surface_deceptiveness,"{""hidden_depth"": ""easy""}",medium,1,1,1,0,1.0,[1.0],"[""css_state_machine__surface_deceptiveness=medium_hidden_depth=easy__seed-0""]","[""behavioral_reference""]"
css_state_machine,weird_machine,surface_deceptiveness,"{""hidden_depth"": ""hard""}",easy,1,1,1,0,1.0,[1.0],"[""css_state_machine__surface_deceptiveness=easy_hidden_depth=hard__seed-0""]","[""behavioral_reference""]"
css_state_machine,weird_machine,surface_deceptiveness,"{""hidden_depth"": ""medium""}",easy,1,1,0,1,0.0,[0.0],"[""css_state_machine__surface_deceptiveness=easy_hidden_depth=medium__seed-0""]","[""behavioral_reference""]"
moco,ml_debugging,distractors,"{""naming"": ""easy"", ""queue_math"": ""easy"", ""symptom_mask"": ""easy"", ""temperature"": ""easy"", ""visible_tests"": ""easy""}",easy,1,1,1,0,1.0,[1.0],"[""moco__naming=easy_distractors=easy_queue_math=easy_temperature=easy_visible_tests=easy_symptom_mask=easy__seed-0""]","[""behavioral_reference""]"
moco,ml_debugging,distractors,"{""naming"": ""easy"", ""queue_math"": ""easy"", ""symptom_mask"": ""easy"", ""temperature"": ""easy"", ""visible_tests"": ""easy""}",hard,1,1,1,0,1.0,[1.0],"[""moco__naming=easy_distractors=hard_queue_math=easy_temperature=easy_visible_tests=easy_symptom_mask=easy__seed-0""]","[""behavioral_reference""]"
moco,ml_debugging,distractors,"{""naming"": ""easy"", ""queue_math"": ""easy"", ""symptom_mask"": ""easy"", ""temperature"": ""easy"", ""visible_tests"": ""easy""}",medium,1,1,1,0,1.0,[1.0],"[""moco__naming=easy_distractors=medium_queue_math=easy_temperature=easy_visible_tests=easy_symptom_mask=easy__seed-0""]","[""behavioral_reference""]"
moco,ml_debugging,distractors,"{""naming"": ""easy"", ""queue_math"": ""easy"", ""symptom_mask"": ""easy"", ""temperature"": ""easy"", ""visible_tests"": ""hard""}",easy,1,1,1,0,1.0,[1.0],"[""moco__naming=easy_distractors=easy_queue_math=easy_temperature=easy_visible_tests=hard_symptom_mask=easy__seed-0""]","[""behavioral_reference""]"
moco,ml_debugging,distractors,"{""naming"": ""easy"", ""queue_math"": ""easy"", ""symptom_mask"": ""easy"", ""temperature"": ""easy"", ""visible_tests"": ""medium""}",easy,1,1,0,1,0.0,[0.95],"[""moco__naming=easy_distractors=easy_queue_math=easy_temperature=easy_visible_tests=medium_symptom_mask=easy__seed-0""]","[""behavioral_reference""]"
moco,ml_debugging,distractors,"{""naming"": ""easy"", ""queue_math"": ""easy"", ""symptom_mask"": ""easy"", ""temperature"": ""hard"", ""visible_tests"": ""easy""}",easy,1,1,1,0,1.0,[1.0],"[""moco__naming=easy_distractors=easy_queue_math=easy_temperature=hard_visible_tests=easy_symptom_mask=easy__seed-0""]","[""behavioral_reference""]"
moco,ml_debugging,distractors,"{""naming"": ""easy"", ""queue_math"": ""easy"", ""symptom_mask"": ""easy"", ""temperature"": ""medium"", ""visible_tests"": ""easy""}",easy,1,1,1,0,1.0,[1.0],"[""moco__naming=easy_distractors=easy_queue_math=easy_temperature=medium_visible_tests=easy_symptom_mask=easy__seed-0""]","[""behavioral_reference""]"
moco,ml_debugging,distractors,"{""naming"": ""easy"", ""queue_math"": ""easy"", ""symptom_mask"": ""hard"", ""temperature"": ""easy"", ""visible_tests"": ""easy""}",easy,1,1,0,1,0.0,[0.0],"[""moco__naming=easy_distractors=easy_queue_math=easy_temperature=easy_visible_tests=easy_symptom_mask=hard__seed-0""]","[""behavioral_reference""]"
moco,ml_debugging,distractors,"{""naming"": ""easy"", ""queue_math"": ""easy"", ""symptom_mask"": ""medium"", ""temperature"": ""easy"", ""visible_tests"": ""easy""}",easy,1,1,1,0,1.0,[1.0],"[""moco__naming=easy_distractors=easy_queue_math=easy_temperature=easy_visible_tests=easy_symptom_mask=medium__seed-0""]","[""behavioral_reference""]"
moco,ml_debugging,distractors,"{""naming"": ""easy"", ""queue_math"": ""hard"", ""symptom_mask"": ""easy"", ""temperature"": ""easy"", ""visible_tests"": ""easy""}",easy,1,1,1,0,1.0,[1.0],"[""moco__naming=easy_distractors=easy_queue_math=hard_temperature=easy_visible_tests=easy_symptom_mask=easy__seed-0""]","[""behavioral_reference""]"
moco,ml_debugging,distractors,"{""naming"": ""easy"", ""queue_math"": ""medium"", ""symptom_mask"": ""easy"", ""temperature"": ""easy"", ""visible_tests"": ""easy""}",easy,1,1,1,0,1.0,[1.0],"[""moco__naming=easy_distractors=easy_queue_math=medium_temperature=easy_visible_tests=easy_symptom_mask=easy__seed-0""]","[""behavioral_reference""]"
moco,ml_debugging,naming,"{""distractors"": ""easy"", ""queue_math"": ""easy"", ""symptom_mask"": ""easy"", ""temperature"": ""easy"", ""visible_tests"": ""easy""}",easy,1,1,1,0,1.0,[1.0],"[""moco__naming=easy_distractors=easy_queue_math=easy_temperature=easy_visible_tests=easy_symptom_mask=easy__seed-0""]","[""behavioral_reference""]"
moco,ml_debugging,naming,"{""distractors"": ""easy"", ""queue_math"": ""easy"", ""symptom_mask"": ""easy"", ""temperature"": ""easy"", ""visible_tests"": ""hard""}",easy,1,1,1,0,1.0,[1.0],"[""moco__naming=easy_distractors=easy_queue_math=easy_temperature=easy_visible_tests=hard_symptom_mask=easy__seed-0""]","[""behavioral_reference""]"
moco,ml_debugging,naming,"{""distractors"": ""easy"", ""queue_math"": ""easy"", ""symptom_mask"": ""easy"", ""temperature"": ""easy"", ""visible_tests"": ""medium""}",easy,1,1,0,1,0.0,[0.95],"[""moco__naming=easy_distractors=easy_queue_math=easy_temperature=easy_visible_tests=medium_symptom_mask=easy__seed-0""]","[""behavioral_reference""]"
moco,ml_debugging,naming,"{""distractors"": ""easy"", ""queue_math"": ""easy"", ""symptom_mask"": ""easy"", ""temperature"": ""hard"", ""visible_tests"": ""easy""}",easy,1,1,1,0,1.0,[1.0],"[""moco__naming=easy_distractors=easy_queue_math=easy_temperature=hard_visible_tests=easy_symptom_mask=easy__seed-0""]","[""behavioral_reference""]"
moco,ml_debugging,naming,"{""distractors"": ""easy"", ""queue_math"": ""easy"", ""symptom_mask"": ""easy"", ""temperature"": ""medium"", ""visible_tests"": ""easy""}",easy,1,1,1,0,1.0,[1.0],"[""moco__naming=easy_distractors=easy_queue_math=easy_temperature=medium_visible_tests=easy_symptom_mask=easy__seed-0""]","[""behavioral_reference""]"
moco,ml_debugging,naming,"{""distractors"": ""easy"", ""queue_math"": ""easy"", ""symptom_mask"": ""hard"", ""temperature"": ""easy"", ""visible_tests"": ""easy""}",easy,1,1,0,1,0.0,[0.0],"[""moco__naming=easy_distractors=easy_queue_math=easy_temperature=easy_visible_tests=easy_symptom_mask=hard__seed-0""]","[""behavioral_reference""]"
moco,ml_debugging,naming,"{""distractors"": ""easy"", ""queue_math"": ""easy"", ""symptom_mask"": ""medium"", ""temperature"": ""easy"", ""visible_tests"": ""easy""}",easy,1,1,1,0,1.0,[1.0],"[""moco__naming=easy_distractors=easy_queue_math=easy_temperature=easy_visible_tests=easy_symptom_mask=medium__seed-0""]","[""behavioral_reference""]"
moco,ml_debugging,naming,"{""distractors"": ""easy"", ""queue_math"": ""hard"", ""symptom_mask"": ""easy"", ""temperature"": ""easy"", ""visible_tests"": ""easy""}",easy,1,1,1,0,1.0,[1.0],"[""moco__naming=easy_distractors=easy_queue_math=hard_temperature=easy_visible_tests=easy_symptom_mask=easy__seed-0""]","[""behavioral_reference""]"
moco,ml_debugging,naming,"{""distractors"": ""easy"", ""queue_math"": ""medium"", ""symptom_mask"": ""easy"", ""temperature"": ""easy"", ""visible_tests"": ""easy""}",easy,1,1,1,0,1.0,[1.0],"[""moco__naming=easy_distractors=easy_queue_math=medium_temperature=easy_visible_tests=easy_symptom_mask=easy__seed-0""]","[""behavioral_reference""]"
moco,ml_debugging,naming,"{""distractors"": ""hard"", ""queue_math"": ""easy"", ""symptom_mask"": ""easy"", ""temperature"": ""easy"", ""visible_tests"": ""easy""}",easy,1,1,1,0,1.0,[1.0],"[""moco__naming=easy_distractors=hard_queue_math=easy_temperature=easy_visible_tests=easy_symptom_mask=easy__seed-0""]","[""behavioral_reference""]"
moco,ml_debugging,naming,"{""distractors"": ""medium"", ""queue_math"": ""easy"", ""symptom_mask"": ""easy"", ""temperature"": ""easy"", ""visible_tests"": ""easy""}",easy,1,1,1,0,1.0,[1.0],"[""moco__naming=easy_distractors=medium_queue_math=easy_temperature=easy_visible_tests=easy_symptom_mask=easy__seed-0""]","[""behavioral_reference""]"
moco,ml_debugging,queue_math,"{""distractors"": ""easy"", ""naming"": ""easy"", ""symptom_mask"": ""easy"", ""temperature"": ""easy"", ""visible_tests"": ""easy""}",easy,1,1,1,0,1.0,[1.0],"[""moco__naming=easy_distractors=easy_queue_math=easy_temperature=easy_visible_tests=easy_symptom_mask=easy__seed-0""]","[""behavioral_reference""]"
moco,ml_debugging,queue_math,"{""distractors"": ""easy"", ""naming"": ""easy"", ""symptom_mask"": ""easy"", ""temperature"": ""easy"", ""visible_tests"": ""easy""}",hard,1,1,1,0,1.0,[1.0],"[""moco__naming=easy_distractors=easy_queue_math=hard_temperature=easy_visible_tests=easy_symptom_mask=easy__seed-0""]","[""behavioral_reference""]"
moco,ml_debugging,queue_math,"{""distractors"": ""easy"", ""naming"": ""easy"", ""symptom_mask"": ""easy"", ""temperature"": ""easy"", ""visible_tests"": ""easy""}",medium,1,1,1,0,1.0,[1.0],"[""moco__naming=easy_distractors=easy_queue_math=medium_temperature=easy_visible_tests=easy_symptom_mask=easy__seed-0""]","[""behavioral_reference""]"
moco,ml_debugging,queue_math,"{""distractors"": ""easy"", ""naming"": ""easy"", ""symptom_mask"": ""easy"", ""temperature"": ""easy"", ""visible_tests"": ""hard""}",easy,1,1,1,0,1.0,[1.0],"[""moco__naming=easy_distractors=easy_queue_math=easy_temperature=easy_visible_tests=hard_symptom_mask=easy__seed-0""]","[""behavioral_reference""]"
moco,ml_debugging,queue_math,"{""distractors"": ""easy"", ""naming"": ""easy"", ""symptom_mask"": ""easy"", ""temperature"": ""easy"", ""visible_tests"": ""medium""}",easy,1,1,0,1,0.0,[0.95],"[""moco__naming=easy_distractors=easy_queue_math=easy_temperature=easy_visible_tests=medium_symptom_mask=easy__seed-0""]","[""behavioral_reference""]"
moco,ml_debugging,queue_math,"{""distractors"": ""easy"", ""naming"": ""easy"", ""symptom_mask"": ""easy"", ""temperature"": ""hard"", ""visible_tests"": ""easy""}",easy,1,1,1,0,1.0,[1.0],"[""moco__naming=easy_distractors=easy_queue_math=easy_temperature=hard_visible_tests=easy_symptom_mask=easy__seed-0""]","[""behavioral_reference""]"
moco,ml_debugging,queue_math,"{""distractors"": ""easy"", ""naming"": ""easy"", ""symptom_mask"": ""easy"", ""temperature"": ""medium"", ""visible_tests"": ""easy""}",easy,1,1,1,0,1.0,[1.0],"[""moco__naming=easy_distractors=easy_queue_math=easy_temperature=medium_visible_tests=easy_symptom_mask=easy__seed-0""]","[""behavioral_reference""]"
moco,ml_debugging,queue_math,"{""distractors"": ""easy"", ""naming"": ""easy"", ""symptom_mask"": ""hard"", ""temperature"": ""easy"", ""visible_tests"": ""easy""}",easy,1,1,0,1,0.0,[0.0],"[""moco__naming=easy_distractors=easy_queue_math=easy_temperature=easy_visible_tests=easy_symptom_mask=hard__seed-0""]","[""behavioral_reference""]"
moco,ml_debugging,queue_math,"{""distractors"": ""easy"", ""naming"": ""easy"", ""symptom_mask"": ""medium"", ""temperature"": ""easy"", ""visible_tests"": ""easy""}",easy,1,1,1,0,1.0,[1.0],"[""moco__naming=easy_distractors=easy_queue_math=easy_temperature=easy_visible_tests=easy_symptom_mask=medium__seed-0""]","[""behavioral_reference""]"
moco,ml_debugging,queue_math,"{""distractors"": ""hard"", ""naming"": ""easy"", ""symptom_mask"": ""easy"", ""temperature"": ""easy"", ""visible_tests"": ""easy""}",easy,1,1,1,0,1.0,[1.0],"[""moco__naming=easy_distractors=hard_queue_math=easy_temperature=easy_visible_tests=easy_symptom_mask=easy__seed-0""]","[""behavioral_reference""]"
moco,ml_debugging,queue_math,"{""distractors"": ""medium"", ""naming"": ""easy"", ""symptom_mask"": ""easy"", ""temperature"": ""easy"", ""visible_tests"": ""easy""}",easy,1,1,1,0,1.0,[1.0],"[""moco__naming=easy_distractors=medium_queue_math=easy_temperature=easy_visible_tests=easy_symptom_mask=easy__seed-0""]","[""behavioral_reference""]"
moco,ml_debugging,symptom_mask,"{""distractors"": ""easy"", ""naming"": ""easy"", ""queue_math"": ""easy"", ""temperature"": ""easy"", ""visible_tests"": ""easy""}",easy,1,1,1,0,1.0,[1.0],"[""moco__naming=easy_distractors=easy_queue_math=easy_temperature=easy_visible_tests=easy_symptom_mask=easy__seed-0""]","[""behavioral_reference""]"
moco,ml_debugging,symptom_mask,"{""distractors"": ""easy"", ""naming"": ""easy"", ""queue_math"": ""easy"", ""temperature"": ""easy"", ""visible_tests"": ""easy""}",hard,1,1,0,1,0.0,[0.0],"[""moco__naming=easy_distractors=easy_queue_math=easy_temperature=easy_visible_tests=easy_symptom_mask=hard__seed-0""]","[""behavioral_reference""]"
moco,ml_debugging,symptom_mask,"{""distractors"": ""easy"", ""naming"": ""easy"", ""queue_math"": ""easy"", ""temperature"": ""easy"", ""visible_tests"": ""easy""}",medium,1,1,1,0,1.0,[1.0],"[""moco__naming=easy_distractors=easy_queue_math=easy_temperature=easy_visible_tests=easy_symptom_mask=medium__seed-0""]","[""behavioral_reference""]"
moco,ml_debugging,symptom_mask,"{""distractors"": ""easy"", ""naming"": ""easy"", ""queue_math"": ""easy"", ""temperature"": ""easy"", ""visible_tests"": ""hard""}",easy,1,1,1,0,1.0,[1.0],"[""moco__naming=easy_distractors=easy_queue_math=easy_temperature=easy_visible_tests=hard_symptom_mask=easy__seed-0""]","[""behavioral_reference""]"
moco,ml_debugging,symptom_mask,"{""distractors"": ""easy"", ""naming"": ""easy"", ""queue_math"": ""easy"", ""temperature"": ""easy"", ""visible_tests"": ""medium""}",easy,1,1,0,1,0.0,[0.95],"[""moco__naming=easy_distractors=easy_queue_math=easy_temperature=easy_visible_tests=medium_symptom_mask=easy__seed-0""]","[""behavioral_reference""]"
moco,ml_debugging,symptom_mask,"{""distractors"": ""easy"", ""naming"": ""easy"", ""queue_math"": ""easy"", ""temperature"": ""hard"", ""visible_tests"": ""easy""}",easy,1,1,1,0,1.0,[1.0],"[""moco__naming=easy_distractors=easy_queue_math=easy_temperature=hard_visible_tests=easy_symptom_mask=easy__seed-0""]","[""behavioral_reference""]"
moco,ml_debugging,symptom_mask,"{""distractors"": ""easy"", ""naming"": ""easy"", ""queue_math"": ""easy"", ""temperature"": ""medium"", ""visible_tests"": ""easy""}",easy,1,1,1,0,1.0,[1.0],"[""moco__naming=easy_distractors=easy_queue_math=easy_temperature=medium_visible_tests=easy_symptom_mask=easy__seed-0""]","[""behavioral_reference""]"
moco,ml_debugging,symptom_mask,"{""distractors"": ""easy"", ""naming"": ""easy"", ""queue_math"": ""hard"", ""temperature"": ""easy"", ""visible_tests"": ""easy""}",easy,1,1,1,0,1.0,[1.0],"[""moco__naming=easy_distractors=easy_queue_math=hard_temperature=easy_visible_tests=easy_symptom_mask=easy__seed-0""]","[""behavioral_reference""]"
moco,ml_debugging,symptom_mask,"{""distractors"": ""easy"", ""naming"": ""easy"", ""queue_math"": ""medium"", ""temperature"": ""easy"", ""visible_tests"": ""easy""}",easy,1,1,1,0,1.0,[1.0],"[""moco__naming=easy_distractors=easy_queue_math=medium_temperature=easy_visible_tests=easy_symptom_mask=easy__seed-0""]","[""behavioral_reference""]"
moco,ml_debugging,symptom_mask,"{""distractors"": ""hard"", ""naming"": ""easy"", ""queue_math"": ""easy"", ""temperature"": ""easy"", ""visible_tests"": ""easy""}",easy,1,1,1,0,1.0,[1.0],"[""moco__naming=easy_distractors=hard_queue_math=easy_temperature=easy_visible_tests=easy_symptom_mask=easy__seed-0""]","[""behavioral_reference""]"
moco,ml_debugging,symptom_mask,"{""distractors"": ""medium"", ""naming"": ""easy"", ""queue_math"": ""easy"", ""temperature"": ""easy"", ""visible_tests"": ""easy""}",easy,1,1,1,0,1.0,[1.0],"[""moco__naming=easy_distractors=medium_queue_math=easy_temperature=easy_visible_tests=easy_symptom_mask=easy__seed-0""]","[""behavioral_reference""]"
moco,ml_debugging,temperature,"{""distractors"": ""easy"", ""naming"": ""easy"", ""queue_math"": ""easy"", ""symptom_mask"": ""easy"", ""visible_tests"": ""easy""}",easy,1,1,1,0,1.0,[1.0],"[""moco__naming=easy_distractors=easy_queue_math=easy_temperature=easy_visible_tests=easy_symptom_mask=easy__seed-0""]","[""behavioral_reference""]"
moco,ml_debugging,temperature,"{""distractors"": ""easy"", ""naming"": ""easy"", ""queue_math"": ""easy"", ""symptom_mask"": ""easy"", ""visible_tests"": ""easy""}",hard,1,1,1,0,1.0,[1.0],"[""moco__naming=easy_distractors=easy_queue_math=easy_temperature=hard_visible_tests=easy_symptom_mask=easy__seed-0""]","[""behavioral_reference""]"
moco,ml_debugging,temperature,"{""distractors"": ""easy"", ""naming"": ""easy"", ""queue_math"": ""easy"", ""symptom_mask"": ""easy"", ""visible_tests"": ""easy""}",medium,1,1,1,0,1.0,[1.0],"[""moco__naming=easy_distractors=easy_queue_math=easy_temperature=medium_visible_tests=easy_symptom_mask=easy__seed-0""]","[""behavioral_reference""]"
moco,ml_debugging,temperature,"{""distractors"": ""easy"", ""naming"": ""easy"", ""queue_math"": ""easy"", ""symptom_mask"": ""easy"", ""visible_tests"": ""hard""}",easy,1,1,1,0,1.0,[1.0],"[""moco__naming=easy_distractors=easy_queue_math=easy_temperature=easy_visible_tests=hard_symptom_mask=easy__seed-0""]","[""behavioral_reference""]"
moco,ml_debugging,temperature,"{""distractors"": ""easy"", ""naming"": ""easy"", ""queue_math"": ""easy"", ""symptom_mask"": ""easy"", ""visible_tests"": ""medium""}",easy,1,1,0,1,0.0,[0.95],"[""moco__naming=easy_distractors=easy_queue_math=easy_temperature=easy_visible_tests=medium_symptom_mask=easy__seed-0""]","[""behavioral_reference""]"
moco,ml_debugging,temperature,"{""distractors"": ""easy"", ""naming"": ""easy"", ""queue_math"": ""easy"", ""symptom_mask"": ""hard"", ""visible_tests"": ""easy""}",easy,1,1,0,1,0.0,[0.0],"[""moco__naming=easy_distractors=easy_queue_math=easy_temperature=easy_visible_tests=easy_symptom_mask=hard__seed-0""]","[""behavioral_reference""]"
moco,ml_debugging,temperature,"{""distractors"": ""easy"", ""naming"": ""easy"", ""queue_math"": ""easy"", ""symptom_mask"": ""medium"", ""visible_tests"": ""easy""}",easy,1,1,1,0,1.0,[1.0],"[""moco__naming=easy_distractors=easy_queue_math=easy_temperature=easy_visible_tests=easy_symptom_mask=medium__seed-0""]","[""behavioral_reference""]"
moco,ml_debugging,temperature,"{""distractors"": ""easy"", ""naming"": ""easy"", ""queue_math"": ""hard"", ""symptom_mask"": ""easy"", ""visible_tests"": ""easy""}",easy,1,1,1,0,1.0,[1.0],"[""moco__naming=easy_distractors=easy_queue_math=hard_temperature=easy_visible_tests=easy_symptom_mask=easy__seed-0""]","[""behavioral_reference""]"
moco,ml_debugging,temperature,"{""distractors"": ""easy"", ""naming"": ""easy"", ""queue_math"": ""medium"", ""symptom_mask"": ""easy"", ""visible_tests"": ""easy""}",easy,1,1,1,0,1.0,[1.0],"[""moco__naming=easy_distractors=easy_queue_math=medium_temperature=easy_visible_tests=easy_symptom_mask=easy__seed-0""]","[""behavioral_reference""]"
moco,ml_debugging,temperature,"{""distractors"": ""hard"", ""naming"": ""easy"", ""queue_math"": ""easy"", ""symptom_mask"": ""easy"", ""visible_tests"": ""easy""}",easy,1,1,1,0,1.0,[1.0],"[""moco__naming=easy_distractors=hard_queue_math=easy_temperature=easy_visible_tests=easy_symptom_mask=easy__seed-0""]","[""behavioral_reference""]"
moco,ml_debugging,temperature,"{""distractors"": ""medium"", ""naming"": ""easy"", ""queue_math"": ""easy"", ""symptom_mask"": ""easy"", ""visible_tests"": ""easy""}",easy,1,1,1,0,1.0,[1.0],"[""moco__naming=easy_distractors=medium_queue_math=easy_temperature=easy_visible_tests=easy_symptom_mask=easy__seed-0""]","[""behavioral_reference""]"
moco,ml_debugging,visible_tests,"{""distractors"": ""easy"", ""naming"": ""easy"", ""queue_math"": ""easy"", ""symptom_mask"": ""easy"", ""temperature"": ""easy""}",easy,1,1,1,0,1.0,[1.0],"[""moco__naming=easy_distractors=easy_queue_math=easy_temperature=easy_visible_tests=easy_symptom_mask=easy__seed-0""]","[""behavioral_reference""]"
moco,ml_debugging,visible_tests,"{""distractors"": ""easy"", ""naming"": ""easy"", ""queue_math"": ""easy"", ""symptom_mask"": ""easy"", ""temperature"": ""easy""}",hard,1,1,1,0,1.0,[1.0],"[""moco__naming=easy_distractors=easy_queue_math=easy_temperature=easy_visible_tests=hard_symptom_mask=easy__seed-0""]","[""behavioral_reference""]"
moco,ml_debugging,visible_tests,"{""distractors"": ""easy"", ""naming"": ""easy"", ""queue_math"": ""easy"", ""symptom_mask"": ""easy"", ""temperature"": ""easy""}",medium,1,1,0,1,0.0,[0.95],"[""moco__naming=easy_distractors=easy_queue_math=easy_temperature=easy_visible_tests=medium_symptom_mask=easy__seed-0""]","[""behavioral_reference""]"
moco,ml_debugging,visible_tests,"{""distractors"": ""easy"", ""naming"": ""easy"", ""queue_math"": ""easy"", ""symptom_mask"": ""easy"", ""temperature"": ""hard""}",easy,1,1,1,0,1.0,[1.0],"[""moco__naming=easy_distractors=easy_queue_math=easy_temperature=hard_visible_tests=easy_symptom_mask=easy__seed-0""]","[""behavioral_reference""]"
moco,ml_debugging,visible_tests,"{""distractors"": ""easy"", ""naming"": ""easy"", ""queue_math"": ""easy"", ""symptom_mask"": ""easy"", ""temperature"": ""medium""}",easy,1,1,1,0,1.0,[1.0],"[""moco__naming=easy_distractors=easy_queue_math=easy_temperature=medium_visible_tests=easy_symptom_mask=easy__seed-0""]","[""behavioral_reference""]"
moco,ml_debugging,visible_tests,"{""distractors"": ""easy"", ""naming"": ""easy"", ""queue_math"": ""easy"", ""symptom_mask"": ""hard"", ""temperature"": ""easy""}",easy,1,1,0,1,0.0,[0.0],"[""moco__naming=easy_distractors=easy_queue_math=easy_temperature=easy_visible_tests=easy_symptom_mask=hard__seed-0""]","[""behavioral_reference""]"
moco,ml_debugging,visible_tests,"{""distractors"": ""easy"", ""naming"": ""easy"", ""queue_math"": ""easy"", ""symptom_mask"": ""medium"", ""temperature"": ""easy""}",easy,1,1,1,0,1.0,[1.0],"[""moco__naming=easy_distractors=easy_queue_math=easy_temperature=easy_visible_tests=easy_symptom_mask=medium__seed-0""]","[""behavioral_reference""]"
moco,ml_debugging,visible_tests,"{""distractors"": ""easy"", ""naming"": ""easy"", ""queue_math"": ""hard"", ""symptom_mask"": ""easy"", ""temperature"": ""easy""}",easy,1,1,1,0,1.0,[1.0],"[""moco__naming=easy_distractors=easy_queue_math=hard_temperature=easy_visible_tests=easy_symptom_mask=easy__seed-0""]","[""behavioral_reference""]"
moco,ml_debugging,visible_tests,"{""distractors"": ""easy"", ""naming"": ""easy"", ""queue_math"": ""medium"", ""symptom_mask"": ""easy"", ""temperature"": ""easy""}",easy,1,1,1,0,1.0,[1.0],"[""moco__naming=easy_distractors=easy_queue_math=medium_temperature=easy_visible_tests=easy_symptom_mask=easy__seed-0""]","[""behavioral_reference""]"
moco,ml_debugging,visible_tests,"{""distractors"": ""hard"", ""naming"": ""easy"", ""queue_math"": ""easy"", ""symptom_mask"": ""easy"", ""temperature"": ""easy""}",easy,1,1,1,0,1.0,[1.0],"[""moco__naming=easy_distractors=hard_queue_math=easy_temperature=easy_visible_tests=easy_symptom_mask=easy__seed-0""]","[""behavioral_reference""]"
moco,ml_debugging,visible_tests,"{""distractors"": ""medium"", ""naming"": ""easy"", ""queue_math"": ""easy"", ""symptom_mask"": ""easy"", ""temperature"": ""easy""}",easy,1,1,1,0,1.0,[1.0],"[""moco__naming=easy_distractors=medium_queue_math=easy_temperature=easy_visible_tests=easy_symptom_mask=easy__seed-0""]","[""behavioral_reference""]"
rd_adaptive_halting,recurrent_depth_behavioral,batching_complexity,"{""clue_clarity"": ""easy"", ""implementation_obfuscation"": ""easy"", ""recurrence_depth"": ""easy"", ""visible_tests"": ""easy""}",easy,1,1,0,1,0.0,[0.0],"[""rd_adaptive_halting__recurrence_depth=easy_clue_clarity=easy_visible_tests=easy_implementation_obfuscation=easy_batching_complexity=easy__seed-0""]","[""compile_only""]"
rd_adaptive_halting,recurrent_depth_behavioral,batching_complexity,"{""clue_clarity"": ""easy"", ""implementation_obfuscation"": ""easy"", ""recurrence_depth"": ""easy"", ""visible_tests"": ""easy""}",hard,1,1,1,0,1.0,[1.0],"[""rd_adaptive_halting__recurrence_depth=easy_clue_clarity=easy_visible_tests=easy_implementation_obfuscation=easy_batching_complexity=hard__seed-0""]","[""compile_only""]"
rd_adaptive_halting,recurrent_depth_behavioral,batching_complexity,"{""clue_clarity"": ""easy"", ""implementation_obfuscation"": ""easy"", ""recurrence_depth"": ""easy"", ""visible_tests"": ""easy""}",medium,1,1,1,0,1.0,[1.0],"[""rd_adaptive_halting__recurrence_depth=easy_clue_clarity=easy_visible_tests=easy_implementation_obfuscation=easy_batching_complexity=medium__seed-0""]","[""compile_only""]"
rd_adaptive_halting,recurrent_depth_behavioral,batching_complexity,"{""clue_clarity"": ""easy"", ""implementation_obfuscation"": ""easy"", ""recurrence_depth"": ""easy"", ""visible_tests"": ""hard""}",easy,1,1,1,0,1.0,[1.0],"[""rd_adaptive_halting__recurrence_depth=easy_clue_clarity=easy_visible_tests=hard_implementation_obfuscation=easy_batching_complexity=easy__seed-0""]","[""compile_only""]"
rd_adaptive_halting,recurrent_depth_behavioral,batching_complexity,"{""clue_clarity"": ""easy"", ""implementation_obfuscation"": ""easy"", ""recurrence_depth"": ""easy"", ""visible_tests"": ""medium""}",easy,1,1,1,0,1.0,[1.0],"[""rd_adaptive_halting__recurrence_depth=easy_clue_clarity=easy_visible_tests=medium_implementation_obfuscation=easy_batching_complexity=easy__seed-0""]","[""compile_only""]"
rd_adaptive_halting,recurrent_depth_behavioral,batching_complexity,"{""clue_clarity"": ""easy"", ""implementation_obfuscation"": ""easy"", ""recurrence_depth"": ""hard"", ""visible_tests"": ""easy""}",easy,1,1,1,0,1.0,[1.0],"[""rd_adaptive_halting__recurrence_depth=hard_clue_clarity=easy_visible_tests=easy_implementation_obfuscation=easy_batching_complexity=easy__seed-0""]","[""compile_only""]"
rd_adaptive_halting,recurrent_depth_behavioral,batching_complexity,"{""clue_clarity"": ""easy"", ""implementation_obfuscation"": ""easy"", ""recurrence_depth"": ""medium"", ""visible_tests"": ""easy""}",easy,1,1,1,0,1.0,[1.0],"[""rd_adaptive_halting__recurrence_depth=medium_clue_clarity=easy_visible_tests=easy_implementation_obfuscation=easy_batching_complexity=easy__seed-0""]","[""compile_only""]"
rd_adaptive_halting,recurrent_depth_behavioral,batching_complexity,"{""clue_clarity"": ""easy"", ""implementation_obfuscation"": ""hard"", ""recurrence_depth"": ""easy"", ""visible_tests"": ""easy""}",easy,1,1,1,0,1.0,[1.0],"[""rd_adaptive_halting__recurrence_depth=easy_clue_clarity=easy_visible_tests=easy_implementation_obfuscation=hard_batching_complexity=easy__seed-0""]","[""compile_only""]"
rd_adaptive_halting,recurrent_depth_behavioral,batching_complexity,"{""clue_clarity"": ""easy"", ""implementation_obfuscation"": ""medium"", ""recurrence_depth"": ""easy"", ""visible_tests"": ""easy""}",easy,1,1,0,1,0.0,[0.0],"[""rd_adaptive_halting__recurrence_depth=easy_clue_clarity=easy_visible_tests=easy_implementation_obfuscation=medium_batching_complexity=easy__seed-0""]","[""compile_only""]"
rd_adaptive_halting,recurrent_depth_behavioral,batching_complexity,"{""clue_clarity"": ""hard"", ""implementation_obfuscation"": ""easy"", ""recurrence_depth"": ""easy"", ""visible_tests"": ""easy""}",easy,1,1,1,0,1.0,[1.0],"[""rd_adaptive_halting__recurrence_depth=easy_clue_clarity=hard_visible_tests=easy_implementation_obfuscation=easy_batching_complexity=easy__seed-0""]","[""compile_only""]"
rd_adaptive_halting,recurrent_depth_behavioral,batching_complexity,"{""clue_clarity"": ""medium"", ""implementation_obfuscation"": ""easy"", ""recurrence_depth"": ""easy"", ""visible_tests"": ""easy""}",easy,1,1,1,0,1.0,[1.0],"[""rd_adaptive_halting__recurrence_depth=easy_clue_clarity=medium_visible_tests=easy_implementation_obfuscation=easy_batching_complexity=easy__seed-0""]","[""compile_only""]"
rd_adaptive_halting,recurrent_depth_behavioral,clue_clarity,"{""batching_complexity"": ""easy"", ""implementation_obfuscation"": ""easy"", ""recurrence_depth"": ""easy"", ""visible_tests"": ""easy""}",easy,1,1,0,1,0.0,[0.0],"[""rd_adaptive_halting__recurrence_depth=easy_clue_clarity=easy_visible_tests=easy_implementation_obfuscation=easy_batching_complexity=easy__seed-0""]","[""compile_only""]"
rd_adaptive_halting,recurrent_depth_behavioral,clue_clarity,"{""batching_complexity"": ""easy"", ""implementation_obfuscation"": ""easy"", ""recurrence_depth"": ""easy"", ""visible_tests"": ""easy""}",hard,1,1,1,0,1.0,[1.0],"[""rd_adaptive_halting__recurrence_depth=easy_clue_clarity=hard_visible_tests=easy_implementation_obfuscation=easy_batching_complexity=easy__seed-0""]","[""compile_only""]"
rd_adaptive_halting,recurrent_depth_behavioral,clue_clarity,"{""batching_complexity"": ""easy"", ""implementation_obfuscation"": ""easy"", ""recurrence_depth"": ""easy"", ""visible_tests"": ""easy""}",medium,1,1,1,0,1.0,[1.0],"[""rd_adaptive_halting__recurrence_depth=easy_clue_clarity=medium_visible_tests=easy_implementation_obfuscation=easy_batching_complexity=easy__seed-0""]","[""compile_only""]"
rd_adaptive_halting,recurrent_depth_behavioral,clue_clarity,"{""batching_complexity"": ""easy"", ""implementation_obfuscation"": ""easy"", ""recurrence_depth"": ""easy"", ""visible_tests"": ""hard""}",easy,1,1,1,0,1.0,[1.0],"[""rd_adaptive_halting__recurrence_depth=easy_clue_clarity=easy_visible_tests=hard_implementation_obfuscation=easy_batching_complexity=easy__seed-0""]","[""compile_only""]"
rd_adaptive_halting,recurrent_depth_behavioral,clue_clarity,"{""batching_complexity"": ""easy"", ""implementation_obfuscation"": ""easy"", ""recurrence_depth"": ""easy"", ""visible_tests"": ""medium""}",easy,1,1,1,0,1.0,[1.0],"[""rd_adaptive_halting__recurrence_depth=easy_clue_clarity=easy_visible_tests=medium_implementation_obfuscation=easy_batching_complexity=easy__seed-0""]","[""compile_only""]"
rd_adaptive_halting,recurrent_depth_behavioral,clue_clarity,"{""batching_complexity"": ""easy"", ""implementation_obfuscation"": ""easy"", ""recurrence_depth"": ""hard"", ""visible_tests"": ""easy""}",easy,1,1,1,0,1.0,[1.0],"[""rd_adaptive_halting__recurrence_depth=hard_clue_clarity=easy_visible_tests=easy_implementation_obfuscation=easy_batching_complexity=easy__seed-0""]","[""compile_only""]"
rd_adaptive_halting,recurrent_depth_behavioral,clue_clarity,"{""batching_complexity"": ""easy"", ""implementation_obfuscation"": ""easy"", ""recurrence_depth"": ""medium"", ""visible_tests"": ""easy""}",easy,1,1,1,0,1.0,[1.0],"[""rd_adaptive_halting__recurrence_depth=medium_clue_clarity=easy_visible_tests=easy_implementation_obfuscation=easy_batching_complexity=easy__seed-0""]","[""compile_only""]"
rd_adaptive_halting,recurrent_depth_behavioral,clue_clarity,"{""batching_complexity"": ""easy"", ""implementation_obfuscation"": ""hard"", ""recurrence_depth"": ""easy"", ""visible_tests"": ""easy""}",easy,1,1,1,0,1.0,[1.0],"[""rd_adaptive_halting__recurrence_depth=easy_clue_clarity=easy_visible_tests=easy_implementation_obfuscation=hard_batching_complexity=easy__seed-0""]","[""compile_only""]"
rd_adaptive_halting,recurrent_depth_behavioral,clue_clarity,"{""batching_complexity"": ""easy"", ""implementation_obfuscation"": ""medium"", ""recurrence_depth"": ""easy"", ""visible_tests"": ""easy""}",easy,1,1,0,1,0.0,[0.0],"[""rd_adaptive_halting__recurrence_depth=easy_clue_clarity=easy_visible_tests=easy_implementation_obfuscation=medium_batching_complexity=easy__seed-0""]","[""compile_only""]"
rd_adaptive_halting,recurrent_depth_behavioral,clue_clarity,"{""batching_complexity"": ""hard"", ""implementation_obfuscation"": ""easy"", ""recurrence_depth"": ""easy"", ""visible_tests"": ""easy""}",easy,1,1,1,0,1.0,[1.0],"[""rd_adaptive_halting__recurrence_depth=easy_clue_clarity=easy_visible_tests=easy_implementation_obfuscation=easy_batching_complexity=hard__seed-0""]","[""compile_only""]"
rd_adaptive_halting,recurrent_depth_behavioral,clue_clarity,"{""batching_complexity"": ""medium"", ""implementation_obfuscation"": ""easy"", ""recurrence_depth"": ""easy"", ""visible_tests"": ""easy""}",easy,1,1,1,0,1.0,[1.0],"[""rd_adaptive_halting__recurrence_depth=easy_clue_clarity=easy_visible_tests=easy_implementation_obfuscation=easy_batching_complexity=medium__seed-0""]","[""compile_only""]"
rd_adaptive_halting,recurrent_depth_behavioral,implementation_obfuscation,"{""batching_complexity"": ""easy"", ""clue_clarity"": ""easy"", ""recurrence_depth"": ""easy"", ""visible_tests"": ""easy""}",easy,1,1,0,1,0.0,[0.0],"[""rd_adaptive_halting__recurrence_depth=easy_clue_clarity=easy_visible_tests=easy_implementation_obfuscation=easy_batching_complexity=easy__seed-0""]","[""compile_only""]"
rd_adaptive_halting,recurrent_depth_behavioral,implementation_obfuscation,"{""batching_complexity"": ""easy"", ""clue_clarity"": ""easy"", ""recurrence_depth"": ""easy"", ""visible_tests"": ""easy""}",hard,1,1,1,0,1.0,[1.0],"[""rd_adaptive_halting__recurrence_depth=easy_clue_clarity=easy_visible_tests=easy_implementation_obfuscation=hard_batching_complexity=easy__seed-0""]","[""compile_only""]"
rd_adaptive_halting,recurrent_depth_behavioral,implementation_obfuscation,"{""batching_complexity"": ""easy"", ""clue_clarity"": ""easy"", ""recurrence_depth"": ""easy"", ""visible_tests"": ""easy""}",medium,1,1,0,1,0.0,[0.0],"[""rd_adaptive_halting__recurrence_depth=easy_clue_clarity=easy_visible_tests=easy_implementation_obfuscation=medium_batching_complexity=easy__seed-0""]","[""compile_only""]"
rd_adaptive_halting,recurrent_depth_behavioral,implementation_obfuscation,"{""batching_complexity"": ""easy"", ""clue_clarity"": ""easy"", ""recurrence_depth"": ""easy"", ""visible_tests"": ""hard""}",easy,1,1,1,0,1.0,[1.0],"[""rd_adaptive_halting__recurrence_depth=easy_clue_clarity=easy_visible_tests=hard_implementation_obfuscation=easy_batching_complexity=easy__seed-0""]","[""compile_only""]"
rd_adaptive_halting,recurrent_depth_behavioral,implementation_obfuscation,"{""batching_complexity"": ""easy"", ""clue_clarity"": ""easy"", ""recurrence_depth"": ""easy"", ""visible_tests"": ""medium""}",easy,1,1,1,0,1.0,[1.0],"[""rd_adaptive_halting__recurrence_depth=easy_clue_clarity=easy_visible_tests=medium_implementation_obfuscation=easy_batching_complexity=easy__seed-0""]","[""compile_only""]"
rd_adaptive_halting,recurrent_depth_behavioral,implementation_obfuscation,"{""batching_complexity"": ""easy"", ""clue_clarity"": ""easy"", ""recurrence_depth"": ""hard"", ""visible_tests"": ""easy""}",easy,1,1,1,0,1.0,[1.0],"[""rd_adaptive_halting__recurrence_depth=hard_clue_clarity=easy_visible_tests=easy_implementation_obfuscation=easy_batching_complexity=easy__seed-0""]","[""compile_only""]"
rd_adaptive_halting,recurrent_depth_behavioral,implementation_obfuscation,"{""batching_complexity"": ""easy"", ""clue_clarity"": ""easy"", ""recurrence_depth"": ""medium"", ""visible_tests"": ""easy""}",easy,1,1,1,0,1.0,[1.0],"[""rd_adaptive_halting__recurrence_depth=medium_clue_clarity=easy_visible_tests=easy_implementation_obfuscation=easy_batching_complexity=easy__seed-0""]","[""compile_only""]"
rd_adaptive_halting,recurrent_depth_behavioral,implementation_obfuscation,"{""batching_complexity"": ""easy"", ""clue_clarity"": ""hard"", ""recurrence_depth"": ""easy"", ""visible_tests"": ""easy""}",easy,1,1,1,0,1.0,[1.0],"[""rd_adaptive_halting__recurrence_depth=easy_clue_clarity=hard_visible_tests=easy_implementation_obfuscation=easy_batching_complexity=easy__seed-0""]","[""compile_only""]"
rd_adaptive_halting,recurrent_depth_behavioral,implementation_obfuscation,"{""batching_complexity"": ""easy"", ""clue_clarity"": ""medium"", ""recurrence_depth"": ""easy"", ""visible_tests"": ""easy""}",easy,1,1,1,0,1.0,[1.0],"[""rd_adaptive_halting__recurrence_depth=easy_clue_clarity=medium_visible_tests=easy_implementation_obfuscation=easy_batching_complexity=easy__seed-0""]","[""compile_only""]"
rd_adaptive_halting,recurrent_depth_behavioral,implementation_obfuscation,"{""batching_complexity"": ""hard"", ""clue_clarity"": ""easy"", ""recurrence_depth"": ""easy"", ""visible_tests"": ""easy""}",easy,1,1,1,0,1.0,[1.0],"[""rd_adaptive_halting__recurrence_depth=easy_clue_clarity=easy_visible_tests=easy_implementation_obfuscation=easy_batching_complexity=hard__seed-0""]","[""compile_only""]"
rd_adaptive_halting,recurrent_depth_behavioral,implementation_obfuscation,"{""batching_complexity"": ""medium"", ""clue_clarity"": ""easy"", ""recurrence_depth"": ""easy"", ""visible_tests"": ""easy""}",easy,1,1,1,0,1.0,[1.0],"[""rd_adaptive_halting__recurrence_depth=easy_clue_clarity=easy_visible_tests=easy_implementation_obfuscation=easy_batching_complexity=medium__seed-0""]","[""compile_only""]"
rd_adaptive_halting,recurrent_depth_behavioral,recurrence_depth,"{""batching_complexity"": ""easy"", ""clue_clarity"": ""easy"", ""implementation_obfuscation"": ""easy"", ""visible_tests"": ""easy""}",easy,1,1,0,1,0.0,[0.0],"[""rd_adaptive_halting__recurrence_depth=easy_clue_clarity=easy_visible_tests=easy_implementation_obfuscation=easy_batching_complexity=easy__seed-0""]","[""compile_only""]"
rd_adaptive_halting,recurrent_depth_behavioral,recurrence_depth,"{""batching_complexity"": ""easy"", ""clue_clarity"": ""easy"", ""implementation_obfuscation"": ""easy"", ""visible_tests"": ""easy""}",hard,1,1,1,0,1.0,[1.0],"[""rd_adaptive_halting__recurrence_depth=hard_clue_clarity=easy_visible_tests=easy_implementation_obfuscation=easy_batching_complexity=easy__seed-0""]","[""compile_only""]"
rd_adaptive_halting,recurrent_depth_behavioral,recurrence_depth,"{""batching_complexity"": ""easy"", ""clue_clarity"": ""easy"", ""implementation_obfuscation"": ""easy"", ""visible_tests"": ""easy""}",medium,1,1,1,0,1.0,[1.0],"[""rd_adaptive_halting__recurrence_depth=medium_clue_clarity=easy_visible_tests=easy_implementation_obfuscation=easy_batching_complexity=easy__seed-0""]","[""compile_only""]"
rd_adaptive_halting,recurrent_depth_behavioral,recurrence_depth,"{""batching_complexity"": ""easy"", ""clue_clarity"": ""easy"", ""implementation_obfuscation"": ""easy"", ""visible_tests"": ""hard""}",easy,1,1,1,0,1.0,[1.0],"[""rd_adaptive_halting__recurrence_depth=easy_clue_clarity=easy_visible_tests=hard_implementation_obfuscation=easy_batching_complexity=easy__seed-0""]","[""compile_only""]"
rd_adaptive_halting,recurrent_depth_behavioral,recurrence_depth,"{""batching_complexity"": ""easy"", ""clue_clarity"": ""easy"", ""implementation_obfuscation"": ""easy"", ""visible_tests"": ""medium""}",easy,1,1,1,0,1.0,[1.0],"[""rd_adaptive_halting__recurrence_depth=easy_clue_clarity=easy_visible_tests=medium_implementation_obfuscation=easy_batching_complexity=easy__seed-0""]","[""compile_only""]"
rd_adaptive_halting,recurrent_depth_behavioral,recurrence_depth,"{""batching_complexity"": ""easy"", ""clue_clarity"": ""easy"", ""implementation_obfuscation"": ""hard"", ""visible_tests"": ""easy""}",easy,1,1,1,0,1.0,[1.0],"[""rd_adaptive_halting__recurrence_depth=easy_clue_clarity=easy_visible_tests=easy_implementation_obfuscation=hard_batching_complexity=easy__seed-0""]","[""compile_only""]"
rd_adaptive_halting,recurrent_depth_behavioral,recurrence_depth,"{""batching_complexity"": ""easy"", ""clue_clarity"": ""easy"", ""implementation_obfuscation"": ""medium"", ""visible_tests"": ""easy""}",easy,1,1,0,1,0.0,[0.0],"[""rd_adaptive_halting__recurrence_depth=easy_clue_clarity=easy_visible_tests=easy_implementation_obfuscation=medium_batching_complexity=easy__seed-0""]","[""compile_only""]"
rd_adaptive_halting,recurrent_depth_behavioral,recurrence_depth,"{""batching_complexity"": ""easy"", ""clue_clarity"": ""hard"", ""implementation_obfuscation"": ""easy"", ""visible_tests"": ""easy""}",easy,1,1,1,0,1.0,[1.0],"[""rd_adaptive_halting__recurrence_depth=easy_clue_clarity=hard_visible_tests=easy_implementation_obfuscation=easy_batching_complexity=easy__seed-0""]","[""compile_only""]"
rd_adaptive_halting,recurrent_depth_behavioral,recurrence_depth,"{""batching_complexity"": ""easy"", ""clue_clarity"": ""medium"", ""implementation_obfuscation"": ""easy"", ""visible_tests"": ""easy""}",easy,1,1,1,0,1.0,[1.0],"[""rd_adaptive_halting__recurrence_depth=easy_clue_clarity=medium_visible_tests=easy_implementation_obfuscation=easy_batching_complexity=easy__seed-0""]","[""compile_only""]"
rd_adaptive_halting,recurrent_depth_behavioral,recurrence_depth,"{""batching_complexity"": ""hard"", ""clue_clarity"": ""easy"", ""implementation_obfuscation"": ""easy"", ""visible_tests"": ""easy""}",easy,1,1,1,0,1.0,[1.0],"[""rd_adaptive_halting__recurrence_depth=easy_clue_clarity=easy_visible_tests=easy_implementation_obfuscation=easy_batching_complexity=hard__seed-0""]","[""compile_only""]"
rd_adaptive_halting,recurrent_depth_behavioral,recurrence_depth,"{""batching_complexity"": ""medium"", ""clue_clarity"": ""easy"", ""implementation_obfuscation"": ""easy"", ""visible_tests"": ""easy""}",easy,1,1,1,0,1.0,[1.0],"[""rd_adaptive_halting__recurrence_depth=easy_clue_clarity=easy_visible_tests=easy_implementation_obfuscation=easy_batching_complexity=medium__seed-0""]","[""compile_only""]"
rd_adaptive_halting,recurrent_depth_behavioral,visible_tests,"{""batching_complexity"": ""easy"", ""clue_clarity"": ""easy"", ""implementation_obfuscation"": ""easy"", ""recurrence_depth"": ""easy""}",easy,1,1,0,1,0.0,[0.0],"[""rd_adaptive_halting__recurrence_depth=easy_clue_clarity=easy_visible_tests=easy_implementation_obfuscation=easy_batching_complexity=easy__seed-0""]","[""compile_only""]"
rd_adaptive_halting,recurrent_depth_behavioral,visible_tests,"{""batching_complexity"": ""easy"", ""clue_clarity"": ""easy"", ""implementation_obfuscation"": ""easy"", ""recurrence_depth"": ""easy""}",hard,1,1,1,0,1.0,[1.0],"[""rd_adaptive_halting__recurrence_depth=easy_clue_clarity=easy_visible_tests=hard_implementation_obfuscation=easy_batching_complexity=easy__seed-0""]","[""compile_only""]"
rd_adaptive_halting,recurrent_depth_behavioral,visible_tests,"{""batching_complexity"": ""easy"", ""clue_clarity"": ""easy"", ""implementation_obfuscation"": ""easy"", ""recurrence_depth"": ""easy""}",medium,1,1,1,0,1.0,[1.0],"[""rd_adaptive_halting__recurrence_depth=easy_clue_clarity=easy_visible_tests=medium_implementation_obfuscation=easy_batching_complexity=easy__seed-0""]","[""compile_only""]"
rd_adaptive_halting,recurrent_depth_behavioral,visible_tests,"{""batching_complexity"": ""easy"", ""clue_clarity"": ""easy"", ""implementation_obfuscation"": ""easy"", ""recurrence_depth"": ""hard""}",easy,1,1,1,0,1.0,[1.0],"[""rd_adaptive_halting__recurrence_depth=hard_clue_clarity=easy_visible_tests=easy_implementation_obfuscation=easy_batching_complexity=easy__seed-0""]","[""compile_only""]"
rd_adaptive_halting,recurrent_depth_behavioral,visible_tests,"{""batching_complexity"": ""easy"", ""clue_clarity"": ""easy"", ""implementation_obfuscation"": ""easy"", ""recurrence_depth"": ""medium""}",easy,1,1,1,0,1.0,[1.0],"[""rd_adaptive_halting__recurrence_depth=medium_clue_clarity=easy_visible_tests=easy_implementation_obfuscation=easy_batching_complexity=easy__seed-0""]","[""compile_only""]"
rd_adaptive_halting,recurrent_depth_behavioral,visible_tests,"{""batching_complexity"": ""easy"", ""clue_clarity"": ""easy"", ""implementation_obfuscation"": ""hard"", ""recurrence_depth"": ""easy""}",easy,1,1,1,0,1.0,[1.0],"[""rd_adaptive_halting__recurrence_depth=easy_clue_clarity=easy_visible_tests=easy_implementation_obfuscation=hard_batching_complexity=easy__seed-0""]","[""compile_only""]"
rd_adaptive_halting,recurrent_depth_behavioral,visible_tests,"{""batching_complexity"": ""easy"", ""clue_clarity"": ""easy"", ""implementation_obfuscation"": ""medium"", ""recurrence_depth"": ""easy""}",easy,1,1,0,1,0.0,[0.0],"[""rd_adaptive_halting__recurrence_depth=easy_clue_clarity=easy_visible_tests=easy_implementation_obfuscation=medium_batching_complexity=easy__seed-0""]","[""compile_only""]"
rd_adaptive_halting,recurrent_depth_behavioral,visible_tests,"{""batching_complexity"": ""easy"", ""clue_clarity"": ""hard"", ""implementation_obfuscation"": ""easy"", ""recurrence_depth"": ""easy""}",easy,1,1,1,0,1.0,[1.0],"[""rd_adaptive_halting__recurrence_depth=easy_clue_clarity=hard_visible_tests=easy_implementation_obfuscation=easy_batching_complexity=easy__seed-0""]","[""compile_only""]"
rd_adaptive_halting,recurrent_depth_behavioral,visible_tests,"{""batching_complexity"": ""easy"", ""clue_clarity"": ""medium"", ""implementation_obfuscation"": ""easy"", ""recurrence_depth"": ""easy""}",easy,1,1,1,0,1.0,[1.0],"[""rd_adaptive_halting__recurrence_depth=easy_clue_clarity=medium_visible_tests=easy_implementation_obfuscation=easy_batching_complexity=easy__seed-0""]","[""compile_only""]"
rd_adaptive_halting,recurrent_depth_behavioral,visible_tests,"{""batching_complexity"": ""hard"", ""clue_clarity"": ""easy"", ""implementation_obfuscation"": ""easy"", ""recurrence_depth"": ""easy""}",easy,1,1,1,0,1.0,[1.0],"[""rd_adaptive_halting__recurrence_depth=easy_clue_clarity=easy_visible_tests=easy_implementation_obfuscation=easy_batching_complexity=hard__seed-0""]","[""compile_only""]"
rd_adaptive_halting,recurrent_depth_behavioral,visible_tests,"{""batching_complexity"": ""medium"", ""clue_clarity"": ""easy"", ""implementation_obfuscation"": ""easy"", ""recurrence_depth"": ""easy""}",easy,1,1,1,0,1.0,[1.0],"[""rd_adaptive_halting__recurrence_depth=easy_clue_clarity=easy_visible_tests=easy_implementation_obfuscation=easy_batching_complexity=medium__seed-0""]","[""compile_only""]"
rd_gradient_credit,recurrent_depth_behavioral,batching_complexity,"{""clue_clarity"": ""easy"", ""implementation_obfuscation"": ""easy"", ""recurrence_depth"": ""easy"", ""visible_tests"": ""easy""}",easy,1,1,1,0,1.0,[1.0],"[""rd_gradient_credit__recurrence_depth=easy_clue_clarity=easy_visible_tests=easy_implementation_obfuscation=easy_batching_complexity=easy__seed-0""]","[""compile_only""]"
rd_gradient_credit,recurrent_depth_behavioral,batching_complexity,"{""clue_clarity"": ""easy"", ""implementation_obfuscation"": ""easy"", ""recurrence_depth"": ""easy"", ""visible_tests"": ""easy""}",hard,1,1,1,0,1.0,[1.0],"[""rd_gradient_credit__recurrence_depth=easy_clue_clarity=easy_visible_tests=easy_implementation_obfuscation=easy_batching_complexity=hard__seed-0""]","[""compile_only""]"
rd_gradient_credit,recurrent_depth_behavioral,batching_complexity,"{""clue_clarity"": ""easy"", ""implementation_obfuscation"": ""easy"", ""recurrence_depth"": ""easy"", ""visible_tests"": ""easy""}",medium,1,1,1,0,1.0,[1.0],"[""rd_gradient_credit__recurrence_depth=easy_clue_clarity=easy_visible_tests=easy_implementation_obfuscation=easy_batching_complexity=medium__seed-0""]","[""compile_only""]"
rd_gradient_credit,recurrent_depth_behavioral,batching_complexity,"{""clue_clarity"": ""easy"", ""implementation_obfuscation"": ""easy"", ""recurrence_depth"": ""easy"", ""visible_tests"": ""hard""}",easy,1,1,1,0,1.0,[1.0],"[""rd_gradient_credit__recurrence_depth=easy_clue_clarity=easy_visible_tests=hard_implementation_obfuscation=easy_batching_complexity=easy__seed-0""]","[""compile_only""]"
rd_gradient_credit,recurrent_depth_behavioral,batching_complexity,"{""clue_clarity"": ""easy"", ""implementation_obfuscation"": ""easy"", ""recurrence_depth"": ""easy"", ""visible_tests"": ""medium""}",easy,1,1,1,0,1.0,[1.0],"[""rd_gradient_credit__recurrence_depth=easy_clue_clarity=easy_visible_tests=medium_implementation_obfuscation=easy_batching_complexity=easy__seed-0""]","[""compile_only""]"
rd_gradient_credit,recurrent_depth_behavioral,batching_complexity,"{""clue_clarity"": ""easy"", ""implementation_obfuscation"": ""easy"", ""recurrence_depth"": ""hard"", ""visible_tests"": ""easy""}",easy,1,1,1,0,1.0,[1.0],"[""rd_gradient_credit__recurrence_depth=hard_clue_clarity=easy_visible_tests=easy_implementation_obfuscation=easy_batching_complexity=easy__seed-0""]","[""compile_only""]"
rd_gradient_credit,recurrent_depth_behavioral,batching_complexity,"{""clue_clarity"": ""easy"", ""implementation_obfuscation"": ""easy"", ""recurrence_depth"": ""medium"", ""visible_tests"": ""easy""}",easy,1,1,1,0,1.0,[1.0],"[""rd_gradient_credit__recurrence_depth=medium_clue_clarity=easy_visible_tests=easy_implementation_obfuscation=easy_batching_complexity=easy__seed-0""]","[""compile_only""]"
rd_gradient_credit,recurrent_depth_behavioral,batching_complexity,"{""clue_clarity"": ""easy"", ""implementation_obfuscation"": ""hard"", ""recurrence_depth"": ""easy"", ""visible_tests"": ""easy""}",easy,1,1,1,0,1.0,[1.0],"[""rd_gradient_credit__recurrence_depth=easy_clue_clarity=easy_visible_tests=easy_implementation_obfuscation=hard_batching_complexity=easy__seed-0""]","[""compile_only""]"
rd_gradient_credit,recurrent_depth_behavioral,batching_complexity,"{""clue_clarity"": ""easy"", ""implementation_obfuscation"": ""medium"", ""recurrence_depth"": ""easy"", ""visible_tests"": ""easy""}",easy,1,1,1,0,1.0,[1.0],"[""rd_gradient_credit__recurrence_depth=easy_clue_clarity=easy_visible_tests=easy_implementation_obfuscation=medium_batching_complexity=easy__seed-0""]","[""compile_only""]"
rd_gradient_credit,recurrent_depth_behavioral,batching_complexity,"{""clue_clarity"": ""hard"", ""implementation_obfuscation"": ""easy"", ""recurrence_depth"": ""easy"", ""visible_tests"": ""easy""}",easy,1,1,1,0,1.0,[1.0],"[""rd_gradient_credit__recurrence_depth=easy_clue_clarity=hard_visible_tests=easy_implementation_obfuscation=easy_batching_complexity=easy__seed-0""]","[""compile_only""]"
rd_gradient_credit,recurrent_depth_behavioral,batching_complexity,"{""clue_clarity"": ""medium"", ""implementation_obfuscation"": ""easy"", ""recurrence_depth"": ""easy"", ""visible_tests"": ""easy""}",easy,1,1,1,0,1.0,[1.0],"[""rd_gradient_credit__recurrence_depth=easy_clue_clarity=medium_visible_tests=easy_implementation_obfuscation=easy_batching_complexity=easy__seed-0""]","[""compile_only""]"
rd_gradient_credit,recurrent_depth_behavioral,clue_clarity,"{""batching_complexity"": ""easy"", ""implementation_obfuscation"": ""easy"", ""recurrence_depth"": ""easy"", ""visible_tests"": ""easy""}",easy,1,1,1,0,1.0,[1.0],"[""rd_gradient_credit__recurrence_depth=easy_clue_clarity=easy_visible_tests=easy_implementation_obfuscation=easy_batching_complexity=easy__seed-0""]","[""compile_only""]"
rd_gradient_credit,recurrent_depth_behavioral,clue_clarity,"{""batching_complexity"": ""easy"", ""implementation_obfuscation"": ""easy"", ""recurrence_depth"": ""easy"", ""visible_tests"": ""easy""}",hard,1,1,1,0,1.0,[1.0],"[""rd_gradient_credit__recurrence_depth=easy_clue_clarity=hard_visible_tests=easy_implementation_obfuscation=easy_batching_complexity=easy__seed-0""]","[""compile_only""]"
rd_gradient_credit,recurrent_depth_behavioral,clue_clarity,"{""batching_complexity"": ""easy"", ""implementation_obfuscation"": ""easy"", ""recurrence_depth"": ""easy"", ""visible_tests"": ""easy""}",medium,1,1,1,0,1.0,[1.0],"[""rd_gradient_credit__recurrence_depth=easy_clue_clarity=medium_visible_tests=easy_implementation_obfuscation=easy_batching_complexity=easy__seed-0""]","[""compile_only""]"
rd_gradient_credit,recurrent_depth_behavioral,clue_clarity,"{""batching_complexity"": ""easy"", ""implementation_obfuscation"": ""easy"", ""recurrence_depth"": ""easy"", ""visible_tests"": ""hard""}",easy,1,1,1,0,1.0,[1.0],"[""rd_gradient_credit__recurrence_depth=easy_clue_clarity=easy_visible_tests=hard_implementation_obfuscation=easy_batching_complexity=easy__seed-0""]","[""compile_only""]"
rd_gradient_credit,recurrent_depth_behavioral,clue_clarity,"{""batching_complexity"": ""easy"", ""implementation_obfuscation"": ""easy"", ""recurrence_depth"": ""easy"", ""visible_tests"": ""medium""}",easy,1,1,1,0,1.0,[1.0],"[""rd_gradient_credit__recurrence_depth=easy_clue_clarity=easy_visible_tests=medium_implementation_obfuscation=easy_batching_complexity=easy__seed-0""]","[""compile_only""]"
rd_gradient_credit,recurrent_depth_behavioral,clue_clarity,"{""batching_complexity"": ""easy"", ""implementation_obfuscation"": ""easy"", ""recurrence_depth"": ""hard"", ""visible_tests"": ""easy""}",easy,1,1,1,0,1.0,[1.0],"[""rd_gradient_credit__recurrence_depth=hard_clue_clarity=easy_visible_tests=easy_implementation_obfuscation=easy_batching_complexity=easy__seed-0""]","[""compile_only""]"
rd_gradient_credit,recurrent_depth_behavioral,clue_clarity,"{""batching_complexity"": ""easy"", ""implementation_obfuscation"": ""easy"", ""recurrence_depth"": ""medium"", ""visible_tests"": ""easy""}",easy,1,1,1,0,1.0,[1.0],"[""rd_gradient_credit__recurrence_depth=medium_clue_clarity=easy_visible_tests=easy_implementation_obfuscation=easy_batching_complexity=easy__seed-0""]","[""compile_only""]"
rd_gradient_credit,recurrent_depth_behavioral,clue_clarity,"{""batching_complexity"": ""easy"", ""implementation_obfuscation"": ""hard"", ""recurrence_depth"": ""easy"", ""visible_tests"": ""easy""}",easy,1,1,1,0,1.0,[1.0],"[""rd_gradient_credit__recurrence_depth=easy_clue_clarity=easy_visible_tests=easy_implementation_obfuscation=hard_batching_complexity=easy__seed-0""]","[""compile_only""]"
rd_gradient_credit,recurrent_depth_behavioral,clue_clarity,"{""batching_complexity"": ""easy"", ""implementation_obfuscation"": ""medium"", ""recurrence_depth"": ""easy"", ""visible_tests"": ""easy""}",easy,1,1,1,0,1.0,[1.0],"[""rd_gradient_credit__recurrence_depth=easy_clue_clarity=easy_visible_tests=easy_implementation_obfuscation=medium_batching_complexity=easy__seed-0""]","[""compile_only""]"
rd_gradient_credit,recurrent_depth_behavioral,clue_clarity,"{""batching_complexity"": ""hard"", ""implementation_obfuscation"": ""easy"", ""recurrence_depth"": ""easy"", ""visible_tests"": ""easy""}",easy,1,1,1,0,1.0,[1.0],"[""rd_gradient_credit__recurrence_depth=easy_clue_clarity=easy_visible_tests=easy_implementation_obfuscation=easy_batching_complexity=hard__seed-0""]","[""compile_only""]"
rd_gradient_credit,recurrent_depth_behavioral,clue_clarity,"{""batching_complexity"": ""medium"", ""implementation_obfuscation"": ""easy"", ""recurrence_depth"": ""easy"", ""visible_tests"": ""easy""}",easy,1,1,1,0,1.0,[1.0],"[""rd_gradient_credit__recurrence_depth=easy_clue_clarity=easy_visible_tests=easy_implementation_obfuscation=easy_batching_complexity=medium__seed-0""]","[""compile_only""]"
rd_gradient_credit,recurrent_depth_behavioral,implementation_obfuscation,"{""batching_complexity"": ""easy"", ""clue_clarity"": ""easy"", ""recurrence_depth"": ""easy"", ""visible_tests"": ""easy""}",easy,1,1,1,0,1.0,[1.0],"[""rd_gradient_credit__recurrence_depth=easy_clue_clarity=easy_visible_tests=easy_implementation_obfuscation=easy_batching_complexity=easy__seed-0""]","[""compile_only""]"
rd_gradient_credit,recurrent_depth_behavioral,implementation_obfuscation,"{""batching_complexity"": ""easy"", ""clue_clarity"": ""easy"", ""recurrence_depth"": ""easy"", ""visible_tests"": ""easy""}",hard,1,1,1,0,1.0,[1.0],"[""rd_gradient_credit__recurrence_depth=easy_clue_clarity=easy_visible_tests=easy_implementation_obfuscation=hard_batching_complexity=easy__seed-0""]","[""compile_only""]"
rd_gradient_credit,recurrent_depth_behavioral,implementation_obfuscation,"{""batching_complexity"": ""easy"", ""clue_clarity"": ""easy"", ""recurrence_depth"": ""easy"", ""visible_tests"": ""easy""}",medium,1,1,1,0,1.0,[1.0],"[""rd_gradient_credit__recurrence_depth=easy_clue_clarity=easy_visible_tests=easy_implementation_obfuscation=medium_batching_complexity=easy__seed-0""]","[""compile_only""]"
rd_gradient_credit,recurrent_depth_behavioral,implementation_obfuscation,"{""batching_complexity"": ""easy"", ""clue_clarity"": ""easy"", ""recurrence_depth"": ""easy"", ""visible_tests"": ""hard""}",easy,1,1,1,0,1.0,[1.0],"[""rd_gradient_credit__recurrence_depth=easy_clue_clarity=easy_visible_tests=hard_implementation_obfuscation=easy_batching_complexity=easy__seed-0""]","[""compile_only""]"
rd_gradient_credit,recurrent_depth_behavioral,implementation_obfuscation,"{""batching_complexity"": ""easy"", ""clue_clarity"": ""easy"", ""recurrence_depth"": ""easy"", ""visible_tests"": ""medium""}",easy,1,1,1,0,1.0,[1.0],"[""rd_gradient_credit__recurrence_depth=easy_clue_clarity=easy_visible_tests=medium_implementation_obfuscation=easy_batching_complexity=easy__seed-0""]","[""compile_only""]"
rd_gradient_credit,recurrent_depth_behavioral,implementation_obfuscation,"{""batching_complexity"": ""easy"", ""clue_clarity"": ""easy"", ""recurrence_depth"": ""hard"", ""visible_tests"": ""easy""}",easy,1,1,1,0,1.0,[1.0],"[""rd_gradient_credit__recurrence_depth=hard_clue_clarity=easy_visible_tests=easy_implementation_obfuscation=easy_batching_complexity=easy__seed-0""]","[""compile_only""]"
rd_gradient_credit,recurrent_depth_behavioral,implementation_obfuscation,"{""batching_complexity"": ""easy"", ""clue_clarity"": ""easy"", ""recurrence_depth"": ""medium"", ""visible_tests"": ""easy""}",easy,1,1,1,0,1.0,[1.0],"[""rd_gradient_credit__recurrence_depth=medium_clue_clarity=easy_visible_tests=easy_implementation_obfuscation=easy_batching_complexity=easy__seed-0""]","[""compile_only""]"
rd_gradient_credit,recurrent_depth_behavioral,implementation_obfuscation,"{""batching_complexity"": ""easy"", ""clue_clarity"": ""hard"", ""recurrence_depth"": ""easy"", ""visible_tests"": ""easy""}",easy,1,1,1,0,1.0,[1.0],"[""rd_gradient_credit__recurrence_depth=easy_clue_clarity=hard_visible_tests=easy_implementation_obfuscation=easy_batching_complexity=easy__seed-0""]","[""compile_only""]"
rd_gradient_credit,recurrent_depth_behavioral,implementation_obfuscation,"{""batching_complexity"": ""easy"", ""clue_clarity"": ""medium"", ""recurrence_depth"": ""easy"", ""visible_tests"": ""easy""}",easy,1,1,1,0,1.0,[1.0],"[""rd_gradient_credit__recurrence_depth=easy_clue_clarity=medium_visible_tests=easy_implementation_obfuscation=easy_batching_complexity=easy__seed-0""]","[""compile_only""]"
rd_gradient_credit,recurrent_depth_behavioral,implementation_obfuscation,"{""batching_complexity"": ""hard"", ""clue_clarity"": ""easy"", ""recurrence_depth"": ""easy"", ""visible_tests"": ""easy""}",easy,1,1,1,0,1.0,[1.0],"[""rd_gradient_credit__recurrence_depth=easy_clue_clarity=easy_visible_tests=easy_implementation_obfuscation=easy_batching_complexity=hard__seed-0""]","[""compile_only""]"
rd_gradient_credit,recurrent_depth_behavioral,implementation_obfuscation,"{""batching_complexity"": ""medium"", ""clue_clarity"": ""easy"", ""recurrence_depth"": ""easy"", ""visible_tests"": ""easy""}",easy,1,1,1,0,1.0,[1.0],"[""rd_gradient_credit__recurrence_depth=easy_clue_clarity=easy_visible_tests=easy_implementation_obfuscation=easy_batching_complexity=medium__seed-0""]","[""compile_only""]"
rd_gradient_credit,recurrent_depth_behavioral,recurrence_depth,"{""batching_complexity"": ""easy"", ""clue_clarity"": ""easy"", ""implementation_obfuscation"": ""easy"", ""visible_tests"": ""easy""}",easy,1,1,1,0,1.0,[1.0],"[""rd_gradient_credit__recurrence_depth=easy_clue_clarity=easy_visible_tests=easy_implementation_obfuscation=easy_batching_complexity=easy__seed-0""]","[""compile_only""]"
rd_gradient_credit,recurrent_depth_behavioral,recurrence_depth,"{""batching_complexity"": ""easy"", ""clue_clarity"": ""easy"", ""implementation_obfuscation"": ""easy"", ""visible_tests"": ""easy""}",hard,1,1,1,0,1.0,[1.0],"[""rd_gradient_credit__recurrence_depth=hard_clue_clarity=easy_visible_tests=easy_implementation_obfuscation=easy_batching_complexity=easy__seed-0""]","[""compile_only""]"
rd_gradient_credit,recurrent_depth_behavioral,recurrence_depth,"{""batching_complexity"": ""easy"", ""clue_clarity"": ""easy"", ""implementation_obfuscation"": ""easy"", ""visible_tests"": ""easy""}",medium,1,1,1,0,1.0,[1.0],"[""rd_gradient_credit__recurrence_depth=medium_clue_clarity=easy_visible_tests=easy_implementation_obfuscation=easy_batching_complexity=easy__seed-0""]","[""compile_only""]"
rd_gradient_credit,recurrent_depth_behavioral,recurrence_depth,"{""batching_complexity"": ""easy"", ""clue_clarity"": ""easy"", ""implementation_obfuscation"": ""easy"", ""visible_tests"": ""hard""}",easy,1,1,1,0,1.0,[1.0],"[""rd_gradient_credit__recurrence_depth=easy_clue_clarity=easy_visible_tests=hard_implementation_obfuscation=easy_batching_complexity=easy__seed-0""]","[""compile_only""]"
rd_gradient_credit,recurrent_depth_behavioral,recurrence_depth,"{""batching_complexity"": ""easy"", ""clue_clarity"": ""easy"", ""implementation_obfuscation"": ""easy"", ""visible_tests"": ""medium""}",easy,1,1,1,0,1.0,[1.0],"[""rd_gradient_credit__recurrence_depth=easy_clue_clarity=easy_visible_tests=medium_implementation_obfuscation=easy_batching_complexity=easy__seed-0""]","[""compile_only""]"
rd_gradient_credit,recurrent_depth_behavioral,recurrence_depth,"{""batching_complexity"": ""easy"", ""clue_clarity"": ""easy"", ""implementation_obfuscation"": ""hard"", ""visible_tests"": ""easy""}",easy,1,1,1,0,1.0,[1.0],"[""rd_gradient_credit__recurrence_depth=easy_clue_clarity=easy_visible_tests=easy_implementation_obfuscation=hard_batching_complexity=easy__seed-0""]","[""compile_only""]"
rd_gradient_credit,recurrent_depth_behavioral,recurrence_depth,"{""batching_complexity"": ""easy"", ""clue_clarity"": ""easy"", ""implementation_obfuscation"": ""medium"", ""visible_tests"": ""easy""}",easy,1,1,1,0,1.0,[1.0],"[""rd_gradient_credit__recurrence_depth=easy_clue_clarity=easy_visible_tests=easy_implementation_obfuscation=medium_batching_complexity=easy__seed-0""]","[""compile_only""]"
rd_gradient_credit,recurrent_depth_behavioral,recurrence_depth,"{""batching_complexity"": ""easy"", ""clue_clarity"": ""hard"", ""implementation_obfuscation"": ""easy"", ""visible_tests"": ""easy""}",easy,1,1,1,0,1.0,[1.0],"[""rd_gradient_credit__recurrence_depth=easy_clue_clarity=hard_visible_tests=easy_implementation_obfuscation=easy_batching_complexity=easy__seed-0""]","[""compile_only""]"
rd_gradient_credit,recurrent_depth_behavioral,recurrence_depth,"{""batching_complexity"": ""easy"", ""clue_clarity"": ""medium"", ""implementation_obfuscation"": ""easy"", ""visible_tests"": ""easy""}",easy,1,1,1,0,1.0,[1.0],"[""rd_gradient_credit__recurrence_depth=easy_clue_clarity=medium_visible_tests=easy_implementation_obfuscation=easy_batching_complexity=easy__seed-0""]","[""compile_only""]"
rd_gradient_credit,recurrent_depth_behavioral,recurrence_depth,"{""batching_complexity"": ""hard"", ""clue_clarity"": ""easy"", ""implementation_obfuscation"": ""easy"", ""visible_tests"": ""easy""}",easy,1,1,1,0,1.0,[1.0],"[""rd_gradient_credit__recurrence_depth=easy_clue_clarity=easy_visible_tests=easy_implementation_obfuscation=easy_batching_complexity=hard__seed-0""]","[""compile_only""]"
rd_gradient_credit,recurrent_depth_behavioral,recurrence_depth,"{""batching_complexity"": ""medium"", ""clue_clarity"": ""easy"", ""implementation_obfuscation"": ""easy"", ""visible_tests"": ""easy""}",easy,1,1,1,0,1.0,[1.0],"[""rd_gradient_credit__recurrence_depth=easy_clue_clarity=easy_visible_tests=easy_implementation_obfuscation=easy_batching_complexity=medium__seed-0""]","[""compile_only""]"
rd_gradient_credit,recurrent_depth_behavioral,visible_tests,"{""batching_complexity"": ""easy"", ""clue_clarity"": ""easy"", ""implementation_obfuscation"": ""easy"", ""recurrence_depth"": ""easy""}",easy,1,1,1,0,1.0,[1.0],"[""rd_gradient_credit__recurrence_depth=easy_clue_clarity=easy_visible_tests=easy_implementation_obfuscation=easy_batching_complexity=easy__seed-0""]","[""compile_only""]"
rd_gradient_credit,recurrent_depth_behavioral,visible_tests,"{""batching_complexity"": ""easy"", ""clue_clarity"": ""easy"", ""implementation_obfuscation"": ""easy"", ""recurrence_depth"": ""easy""}",hard,1,1,1,0,1.0,[1.0],"[""rd_gradient_credit__recurrence_depth=easy_clue_clarity=easy_visible_tests=hard_implementation_obfuscation=easy_batching_complexity=easy__seed-0""]","[""compile_only""]"
rd_gradient_credit,recurrent_depth_behavioral,visible_tests,"{""batching_complexity"": ""easy"", ""clue_clarity"": ""easy"", ""implementation_obfuscation"": ""easy"", ""recurrence_depth"": ""easy""}",medium,1,1,1,0,1.0,[1.0],"[""rd_gradient_credit__recurrence_depth=easy_clue_clarity=easy_visible_tests=medium_implementation_obfuscation=easy_batching_complexity=easy__seed-0""]","[""compile_only""]"
rd_gradient_credit,recurrent_depth_behavioral,visible_tests,"{""batching_complexity"": ""easy"", ""clue_clarity"": ""easy"", ""implementation_obfuscation"": ""easy"", ""recurrence_depth"": ""hard""}",easy,1,1,1,0,1.0,[1.0],"[""rd_gradient_credit__recurrence_depth=hard_clue_clarity=easy_visible_tests=easy_implementation_obfuscation=easy_batching_complexity=easy__seed-0""]","[""compile_only""]"
rd_gradient_credit,recurrent_depth_behavioral,visible_tests,"{""batching_complexity"": ""easy"", ""clue_clarity"": ""easy"", ""implementation_obfuscation"": ""easy"", ""recurrence_depth"": ""medium""}",easy,1,1,1,0,1.0,[1.0],"[""rd_gradient_credit__recurrence_depth=medium_clue_clarity=easy_visible_tests=easy_implementation_obfuscation=easy_batching_complexity=easy__seed-0""]","[""compile_only""]"
rd_gradient_credit,recurrent_depth_behavioral,visible_tests,"{""batching_complexity"": ""easy"", ""clue_clarity"": ""easy"", ""implementation_obfuscation"": ""hard"", ""recurrence_depth"": ""easy""}",easy,1,1,1,0,1.0,[1.0],"[""rd_gradient_credit__recurrence_depth=easy_clue_clarity=easy_visible_tests=easy_implementation_obfuscation=hard_batching_complexity=easy__seed-0""]","[""compile_only""]"
rd_gradient_credit,recurrent_depth_behavioral,visible_tests,"{""batching_complexity"": ""easy"", ""clue_clarity"": ""easy"", ""implementation_obfuscation"": ""medium"", ""recurrence_depth"": ""easy""}",easy,1,1,1,0,1.0,[1.0],"[""rd_gradient_credit__recurrence_depth=easy_clue_clarity=easy_visible_tests=easy_implementation_obfuscation=medium_batching_complexity=easy__seed-0""]","[""compile_only""]"
rd_gradient_credit,recurrent_depth_behavioral,visible_tests,"{""batching_complexity"": ""easy"", ""clue_clarity"": ""hard"", ""implementation_obfuscation"": ""easy"", ""recurrence_depth"": ""easy""}",easy,1,1,1,0,1.0,[1.0],"[""rd_gradient_credit__recurrence_depth=easy_clue_clarity=hard_visible_tests=easy_implementation_obfuscation=easy_batching_complexity=easy__seed-0""]","[""compile_only""]"
rd_gradient_credit,recurrent_depth_behavioral,visible_tests,"{""batching_complexity"": ""easy"", ""clue_clarity"": ""medium"", ""implementation_obfuscation"": ""easy"", ""recurrence_depth"": ""easy""}",easy,1,1,1,0,1.0,[1.0],"[""rd_gradient_credit__recurrence_depth=easy_clue_clarity=medium_visible_tests=easy_implementation_obfuscation=easy_batching_complexity=easy__seed-0""]","[""compile_only""]"
rd_gradient_credit,recurrent_depth_behavioral,visible_tests,"{""batching_complexity"": ""hard"", ""clue_clarity"": ""easy"", ""implementation_obfuscation"": ""easy"", ""recurrence_depth"": ""easy""}",easy,1,1,1,0,1.0,[1.0],"[""rd_gradient_credit__recurrence_depth=easy_clue_clarity=easy_visible_tests=easy_implementation_obfuscation=easy_batching_complexity=hard__seed-0""]","[""compile_only""]"
rd_gradient_credit,recurrent_depth_behavioral,visible_tests,"{""batching_complexity"": ""medium"", ""clue_clarity"": ""easy"", ""implementation_obfuscation"": ""easy"", ""recurrence_depth"": ""easy""}",easy,1,1,1,0,1.0,[1.0],"[""rd_gradient_credit__recurrence_depth=easy_clue_clarity=easy_visible_tests=easy_implementation_obfuscation=easy_batching_complexity=medium__seed-0""]","[""compile_only""]"
rd_state_carry,recurrent_depth_behavioral,batching_complexity,"{""clue_clarity"": ""easy"", ""implementation_obfuscation"": ""easy"", ""recurrence_depth"": ""easy"", ""visible_tests"": ""easy""}",easy,1,1,1,0,1.0,[1.0],"[""rd_state_carry__recurrence_depth=easy_clue_clarity=easy_visible_tests=easy_implementation_obfuscation=easy_batching_complexity=easy__seed-0""]","[""behavioral_reference""]"
rd_state_carry,recurrent_depth_behavioral,batching_complexity,"{""clue_clarity"": ""easy"", ""implementation_obfuscation"": ""easy"", ""recurrence_depth"": ""easy"", ""visible_tests"": ""easy""}",hard,1,1,1,0,1.0,[1.0],"[""rd_state_carry__recurrence_depth=easy_clue_clarity=easy_visible_tests=easy_implementation_obfuscation=easy_batching_complexity=hard__seed-0""]","[""behavioral_reference""]"
rd_state_carry,recurrent_depth_behavioral,batching_complexity,"{""clue_clarity"": ""easy"", ""implementation_obfuscation"": ""easy"", ""recurrence_depth"": ""easy"", ""visible_tests"": ""easy""}",medium,1,1,1,0,1.0,[1.0],"[""rd_state_carry__recurrence_depth=easy_clue_clarity=easy_visible_tests=easy_implementation_obfuscation=easy_batching_complexity=medium__seed-0""]","[""behavioral_reference""]"
rd_state_carry,recurrent_depth_behavioral,batching_complexity,"{""clue_clarity"": ""easy"", ""implementation_obfuscation"": ""easy"", ""recurrence_depth"": ""easy"", ""visible_tests"": ""hard""}",easy,1,1,1,0,1.0,[1.0],"[""rd_state_carry__recurrence_depth=easy_clue_clarity=easy_visible_tests=hard_implementation_obfuscation=easy_batching_complexity=easy__seed-0""]","[""behavioral_reference""]"
rd_state_carry,recurrent_depth_behavioral,batching_complexity,"{""clue_clarity"": ""easy"", ""implementation_obfuscation"": ""easy"", ""recurrence_depth"": ""easy"", ""visible_tests"": ""medium""}",easy,1,1,1,0,1.0,[1.0],"[""rd_state_carry__recurrence_depth=easy_clue_clarity=easy_visible_tests=medium_implementation_obfuscation=easy_batching_complexity=easy__seed-0""]","[""behavioral_reference""]"
rd_state_carry,recurrent_depth_behavioral,batching_complexity,"{""clue_clarity"": ""easy"", ""implementation_obfuscation"": ""easy"", ""recurrence_depth"": ""hard"", ""visible_tests"": ""easy""}",easy,1,1,1,0,1.0,[1.0],"[""rd_state_carry__recurrence_depth=hard_clue_clarity=easy_visible_tests=easy_implementation_obfuscation=easy_batching_complexity=easy__seed-0""]","[""behavioral_reference""]"
rd_state_carry,recurrent_depth_behavioral,batching_complexity,"{""clue_clarity"": ""easy"", ""implementation_obfuscation"": ""easy"", ""recurrence_depth"": ""medium"", ""visible_tests"": ""easy""}",easy,1,1,1,0,1.0,[1.0],"[""rd_state_carry__recurrence_depth=medium_clue_clarity=easy_visible_tests=easy_implementation_obfuscation=easy_batching_complexity=easy__seed-0""]","[""behavioral_reference""]"
rd_state_carry,recurrent_depth_behavioral,batching_complexity,"{""clue_clarity"": ""easy"", ""implementation_obfuscation"": ""hard"", ""recurrence_depth"": ""easy"", ""visible_tests"": ""easy""}",easy,1,1,1,0,1.0,[1.0],"[""rd_state_carry__recurrence_depth=easy_clue_clarity=easy_visible_tests=easy_implementation_obfuscation=hard_batching_complexity=easy__seed-0""]","[""behavioral_reference""]"
rd_state_carry,recurrent_depth_behavioral,batching_complexity,"{""clue_clarity"": ""easy"", ""implementation_obfuscation"": ""medium"", ""recurrence_depth"": ""easy"", ""visible_tests"": ""easy""}",easy,1,1,1,0,1.0,[1.0],"[""rd_state_carry__recurrence_depth=easy_clue_clarity=easy_visible_tests=easy_implementation_obfuscation=medium_batching_complexity=easy__seed-0""]","[""behavioral_reference""]"
rd_state_carry,recurrent_depth_behavioral,batching_complexity,"{""clue_clarity"": ""hard"", ""implementation_obfuscation"": ""easy"", ""recurrence_depth"": ""easy"", ""visible_tests"": ""easy""}",easy,1,1,1,0,1.0,[1.0],"[""rd_state_carry__recurrence_depth=easy_clue_clarity=hard_visible_tests=easy_implementation_obfuscation=easy_batching_complexity=easy__seed-0""]","[""behavioral_reference""]"
rd_state_carry,recurrent_depth_behavioral,batching_complexity,"{""clue_clarity"": ""medium"", ""implementation_obfuscation"": ""easy"", ""recurrence_depth"": ""easy"", ""visible_tests"": ""easy""}",easy,1,1,1,0,1.0,[1.0],"[""rd_state_carry__recurrence_depth=easy_clue_clarity=medium_visible_tests=easy_implementation_obfuscation=easy_batching_complexity=easy__seed-0""]","[""behavioral_reference""]"
rd_state_carry,recurrent_depth_behavioral,clue_clarity,"{""batching_complexity"": ""easy"", ""implementation_obfuscation"": ""easy"", ""recurrence_depth"": ""easy"", ""visible_tests"": ""easy""}",easy,1,1,1,0,1.0,[1.0],"[""rd_state_carry__recurrence_depth=easy_clue_clarity=easy_visible_tests=easy_implementation_obfuscation=easy_batching_complexity=easy__seed-0""]","[""behavioral_reference""]"
rd_state_carry,recurrent_depth_behavioral,clue_clarity,"{""batching_complexity"": ""easy"", ""implementation_obfuscation"": ""easy"", ""recurrence_depth"": ""easy"", ""visible_tests"": ""easy""}",hard,1,1,1,0,1.0,[1.0],"[""rd_state_carry__recurrence_depth=easy_clue_clarity=hard_visible_tests=easy_implementation_obfuscation=easy_batching_complexity=easy__seed-0""]","[""behavioral_reference""]"
rd_state_carry,recurrent_depth_behavioral,clue_clarity,"{""batching_complexity"": ""easy"", ""implementation_obfuscation"": ""easy"", ""recurrence_depth"": ""easy"", ""visible_tests"": ""easy""}",medium,1,1,1,0,1.0,[1.0],"[""rd_state_carry__recurrence_depth=easy_clue_clarity=medium_visible_tests=easy_implementation_obfuscation=easy_batching_complexity=easy__seed-0""]","[""behavioral_reference""]"
rd_state_carry,recurrent_depth_behavioral,clue_clarity,"{""batching_complexity"": ""easy"", ""implementation_obfuscation"": ""easy"", ""recurrence_depth"": ""easy"", ""visible_tests"": ""hard""}",easy,1,1,1,0,1.0,[1.0],"[""rd_state_carry__recurrence_depth=easy_clue_clarity=easy_visible_tests=hard_implementation_obfuscation=easy_batching_complexity=easy__seed-0""]","[""behavioral_reference""]"
rd_state_carry,recurrent_depth_behavioral,clue_clarity,"{""batching_complexity"": ""easy"", ""implementation_obfuscation"": ""easy"", ""recurrence_depth"": ""easy"", ""visible_tests"": ""medium""}",easy,1,1,1,0,1.0,[1.0],"[""rd_state_carry__recurrence_depth=easy_clue_clarity=easy_visible_tests=medium_implementation_obfuscation=easy_batching_complexity=easy__seed-0""]","[""behavioral_reference""]"
rd_state_carry,recurrent_depth_behavioral,clue_clarity,"{""batching_complexity"": ""easy"", ""implementation_obfuscation"": ""easy"", ""recurrence_depth"": ""hard"", ""visible_tests"": ""easy""}",easy,1,1,1,0,1.0,[1.0],"[""rd_state_carry__recurrence_depth=hard_clue_clarity=easy_visible_tests=easy_implementation_obfuscation=easy_batching_complexity=easy__seed-0""]","[""behavioral_reference""]"
rd_state_carry,recurrent_depth_behavioral,clue_clarity,"{""batching_complexity"": ""easy"", ""implementation_obfuscation"": ""easy"", ""recurrence_depth"": ""medium"", ""visible_tests"": ""easy""}",easy,1,1,1,0,1.0,[1.0],"[""rd_state_carry__recurrence_depth=medium_clue_clarity=easy_visible_tests=easy_implementation_obfuscation=easy_batching_complexity=easy__seed-0""]","[""behavioral_reference""]"
rd_state_carry,recurrent_depth_behavioral,clue_clarity,"{""batching_complexity"": ""easy"", ""implementation_obfuscation"": ""hard"", ""recurrence_depth"": ""easy"", ""visible_tests"": ""easy""}",easy,1,1,1,0,1.0,[1.0],"[""rd_state_carry__recurrence_depth=easy_clue_clarity=easy_visible_tests=easy_implementation_obfuscation=hard_batching_complexity=easy__seed-0""]","[""behavioral_reference""]"
rd_state_carry,recurrent_depth_behavioral,clue_clarity,"{""batching_complexity"": ""easy"", ""implementation_obfuscation"": ""medium"", ""recurrence_depth"": ""easy"", ""visible_tests"": ""easy""}",easy,1,1,1,0,1.0,[1.0],"[""rd_state_carry__recurrence_depth=easy_clue_clarity=easy_visible_tests=easy_implementation_obfuscation=medium_batching_complexity=easy__seed-0""]","[""behavioral_reference""]"
rd_state_carry,recurrent_depth_behavioral,clue_clarity,"{""batching_complexity"": ""hard"", ""implementation_obfuscation"": ""easy"", ""recurrence_depth"": ""easy"", ""visible_tests"": ""easy""}",easy,1,1,1,0,1.0,[1.0],"[""rd_state_carry__recurrence_depth=easy_clue_clarity=easy_visible_tests=easy_implementation_obfuscation=easy_batching_complexity=hard__seed-0""]","[""behavioral_reference""]"
rd_state_carry,recurrent_depth_behavioral,clue_clarity,"{""batching_complexity"": ""medium"", ""implementation_obfuscation"": ""easy"", ""recurrence_depth"": ""easy"", ""visible_tests"": ""easy""}",easy,1,1,1,0,1.0,[1.0],"[""rd_state_carry__recurrence_depth=easy_clue_clarity=easy_visible_tests=easy_implementation_obfuscation=easy_batching_complexity=medium__seed-0""]","[""behavioral_reference""]"
rd_state_carry,recurrent_depth_behavioral,implementation_obfuscation,"{""batching_complexity"": ""easy"", ""clue_clarity"": ""easy"", ""recurrence_depth"": ""easy"", ""visible_tests"": ""easy""}",easy,1,1,1,0,1.0,[1.0],"[""rd_state_carry__recurrence_depth=easy_clue_clarity=easy_visible_tests=easy_implementation_obfuscation=easy_batching_complexity=easy__seed-0""]","[""behavioral_reference""]"
rd_state_carry,recurrent_depth_behavioral,implementation_obfuscation,"{""batching_complexity"": ""easy"", ""clue_clarity"": ""easy"", ""recurrence_depth"": ""easy"", ""visible_tests"": ""easy""}",hard,1,1,1,0,1.0,[1.0],"[""rd_state_carry__recurrence_depth=easy_clue_clarity=easy_visible_tests=easy_implementation_obfuscation=hard_batching_complexity=easy__seed-0""]","[""behavioral_reference""]"
rd_state_carry,recurrent_depth_behavioral,implementation_obfuscation,"{""batching_complexity"": ""easy"", ""clue_clarity"": ""easy"", ""recurrence_depth"": ""easy"", ""visible_tests"": ""easy""}",medium,1,1,1,0,1.0,[1.0],"[""rd_state_carry__recurrence_depth=easy_clue_clarity=easy_visible_tests=easy_implementation_obfuscation=medium_batching_complexity=easy__seed-0""]","[""behavioral_reference""]"
rd_state_carry,recurrent_depth_behavioral,implementation_obfuscation,"{""batching_complexity"": ""easy"", ""clue_clarity"": ""easy"", ""recurrence_depth"": ""easy"", ""visible_tests"": ""hard""}",easy,1,1,1,0,1.0,[1.0],"[""rd_state_carry__recurrence_depth=easy_clue_clarity=easy_visible_tests=hard_implementation_obfuscation=easy_batching_complexity=easy__seed-0""]","[""behavioral_reference""]"
rd_state_carry,recurrent_depth_behavioral,implementation_obfuscation,"{""batching_complexity"": ""easy"", ""clue_clarity"": ""easy"", ""recurrence_depth"": ""easy"", ""visible_tests"": ""medium""}",easy,1,1,1,0,1.0,[1.0],"[""rd_state_carry__recurrence_depth=easy_clue_clarity=easy_visible_tests=medium_implementation_obfuscation=easy_batching_complexity=easy__seed-0""]","[""behavioral_reference""]"
rd_state_carry,recurrent_depth_behavioral,implementation_obfuscation,"{""batching_complexity"": ""easy"", ""clue_clarity"": ""easy"", ""recurrence_depth"": ""hard"", ""visible_tests"": ""easy""}",easy,1,1,1,0,1.0,[1.0],"[""rd_state_carry__recurrence_depth=hard_clue_clarity=easy_visible_tests=easy_implementation_obfuscation=easy_batching_complexity=easy__seed-0""]","[""behavioral_reference""]"
rd_state_carry,recurrent_depth_behavioral,implementation_obfuscation,"{""batching_complexity"": ""easy"", ""clue_clarity"": ""easy"", ""recurrence_depth"": ""medium"", ""visible_tests"": ""easy""}",easy,1,1,1,0,1.0,[1.0],"[""rd_state_carry__recurrence_depth=medium_clue_clarity=easy_visible_tests=easy_implementation_obfuscation=easy_batching_complexity=easy__seed-0""]","[""behavioral_reference""]"
rd_state_carry,recurrent_depth_behavioral,implementation_obfuscation,"{""batching_complexity"": ""easy"", ""clue_clarity"": ""hard"", ""recurrence_depth"": ""easy"", ""visible_tests"": ""easy""}",easy,1,1,1,0,1.0,[1.0],"[""rd_state_carry__recurrence_depth=easy_clue_clarity=hard_visible_tests=easy_implementation_obfuscation=easy_batching_complexity=easy__seed-0""]","[""behavioral_reference""]"
rd_state_carry,recurrent_depth_behavioral,implementation_obfuscation,"{""batching_complexity"": ""easy"", ""clue_clarity"": ""medium"", ""recurrence_depth"": ""easy"", ""visible_tests"": ""easy""}",easy,1,1,1,0,1.0,[1.0],"[""rd_state_carry__recurrence_depth=easy_clue_clarity=medium_visible_tests=easy_implementation_obfuscation=easy_batching_complexity=easy__seed-0""]","[""behavioral_reference""]"
rd_state_carry,recurrent_depth_behavioral,implementation_obfuscation,"{""batching_complexity"": ""hard"", ""clue_clarity"": ""easy"", ""recurrence_depth"": ""easy"", ""visible_tests"": ""easy""}",easy,1,1,1,0,1.0,[1.0],"[""rd_state_carry__recurrence_depth=easy_clue_clarity=easy_visible_tests=easy_implementation_obfuscation=easy_batching_complexity=hard__seed-0""]","[""behavioral_reference""]"
rd_state_carry,recurrent_depth_behavioral,implementation_obfuscation,"{""batching_complexity"": ""medium"", ""clue_clarity"": ""easy"", ""recurrence_depth"": ""easy"", ""visible_tests"": ""easy""}",easy,1,1,1,0,1.0,[1.0],"[""rd_state_carry__recurrence_depth=easy_clue_clarity=easy_visible_tests=easy_implementation_obfuscation=easy_batching_complexity=medium__seed-0""]","[""behavioral_reference""]"
rd_state_carry,recurrent_depth_behavioral,recurrence_depth,"{""batching_complexity"": ""easy"", ""clue_clarity"": ""easy"", ""implementation_obfuscation"": ""easy"", ""visible_tests"": ""easy""}",easy,1,1,1,0,1.0,[1.0],"[""rd_state_carry__recurrence_depth=easy_clue_clarity=easy_visible_tests=easy_implementation_obfuscation=easy_batching_complexity=easy__seed-0""]","[""behavioral_reference""]"
rd_state_carry,recurrent_depth_behavioral,recurrence_depth,"{""batching_complexity"": ""easy"", ""clue_clarity"": ""easy"", ""implementation_obfuscation"": ""easy"", ""visible_tests"": ""easy""}",hard,1,1,1,0,1.0,[1.0],"[""rd_state_carry__recurrence_depth=hard_clue_clarity=easy_visible_tests=easy_implementation_obfuscation=easy_batching_complexity=easy__seed-0""]","[""behavioral_reference""]"
rd_state_carry,recurrent_depth_behavioral,recurrence_depth,"{""batching_complexity"": ""easy"", ""clue_clarity"": ""easy"", ""implementation_obfuscation"": ""easy"", ""visible_tests"": ""easy""}",medium,1,1,1,0,1.0,[1.0],"[""rd_state_carry__recurrence_depth=medium_clue_clarity=easy_visible_tests=easy_implementation_obfuscation=easy_batching_complexity=easy__seed-0""]","[""behavioral_reference""]"
rd_state_carry,recurrent_depth_behavioral,recurrence_depth,"{""batching_complexity"": ""easy"", ""clue_clarity"": ""easy"", ""implementation_obfuscation"": ""easy"", ""visible_tests"": ""hard""}",easy,1,1,1,0,1.0,[1.0],"[""rd_state_carry__recurrence_depth=easy_clue_clarity=easy_visible_tests=hard_implementation_obfuscation=easy_batching_complexity=easy__seed-0""]","[""behavioral_reference""]"
rd_state_carry,recurrent_depth_behavioral,recurrence_depth,"{""batching_complexity"": ""easy"", ""clue_clarity"": ""easy"", ""implementation_obfuscation"": ""easy"", ""visible_tests"": ""medium""}",easy,1,1,1,0,1.0,[1.0],"[""rd_state_carry__recurrence_depth=easy_clue_clarity=easy_visible_tests=medium_implementation_obfuscation=easy_batching_complexity=easy__seed-0""]","[""behavioral_reference""]"
rd_state_carry,recurrent_depth_behavioral,recurrence_depth,"{""batching_complexity"": ""easy"", ""clue_clarity"": ""easy"", ""implementation_obfuscation"": ""hard"", ""visible_tests"": ""easy""}",easy,1,1,1,0,1.0,[1.0],"[""rd_state_carry__recurrence_depth=easy_clue_clarity=easy_visible_tests=easy_implementation_obfuscation=hard_batching_complexity=easy__seed-0""]","[""behavioral_reference""]"
rd_state_carry,recurrent_depth_behavioral,recurrence_depth,"{""batching_complexity"": ""easy"", ""clue_clarity"": ""easy"", ""implementation_obfuscation"": ""medium"", ""visible_tests"": ""easy""}",easy,1,1,1,0,1.0,[1.0],"[""rd_state_carry__recurrence_depth=easy_clue_clarity=easy_visible_tests=easy_implementation_obfuscation=medium_batching_complexity=easy__seed-0""]","[""behavioral_reference""]"
rd_state_carry,recurrent_depth_behavioral,recurrence_depth,"{""batching_complexity"": ""easy"", ""clue_clarity"": ""hard"", ""implementation_obfuscation"": ""easy"", ""visible_tests"": ""easy""}",easy,1,1,1,0,1.0,[1.0],"[""rd_state_carry__recurrence_depth=easy_clue_clarity=hard_visible_tests=easy_implementation_obfuscation=easy_batching_complexity=easy__seed-0""]","[""behavioral_reference""]"
rd_state_carry,recurrent_depth_behavioral,recurrence_depth,"{""batching_complexity"": ""easy"", ""clue_clarity"": ""medium"", ""implementation_obfuscation"": ""easy"", ""visible_tests"": ""easy""}",easy,1,1,1,0,1.0,[1.0],"[""rd_state_carry__recurrence_depth=easy_clue_clarity=medium_visible_tests=easy_implementation_obfuscation=easy_batching_complexity=easy__seed-0""]","[""behavioral_reference""]"
rd_state_carry,recurrent_depth_behavioral,recurrence_depth,"{""batching_complexity"": ""hard"", ""clue_clarity"": ""easy"", ""implementation_obfuscation"": ""easy"", ""visible_tests"": ""easy""}",easy,1,1,1,0,1.0,[1.0],"[""rd_state_carry__recurrence_depth=easy_clue_clarity=easy_visible_tests=easy_implementation_obfuscation=easy_batching_complexity=hard__seed-0""]","[""behavioral_reference""]"
rd_state_carry,recurrent_depth_behavioral,recurrence_depth,"{""batching_complexity"": ""medium"", ""clue_clarity"": ""easy"", ""implementation_obfuscation"": ""easy"", ""visible_tests"": ""easy""}",easy,1,1,1,0,1.0,[1.0],"[""rd_state_carry__recurrence_depth=easy_clue_clarity=easy_visible_tests=easy_implementation_obfuscation=easy_batching_complexity=medium__seed-0""]","[""behavioral_reference""]"
rd_state_carry,recurrent_depth_behavioral,visible_tests,"{""batching_complexity"": ""easy"", ""clue_clarity"": ""easy"", ""implementation_obfuscation"": ""easy"", ""recurrence_depth"": ""easy""}",easy,1,1,1,0,1.0,[1.0],"[""rd_state_carry__recurrence_depth=easy_clue_clarity=easy_visible_tests=easy_implementation_obfuscation=easy_batching_complexity=easy__seed-0""]","[""behavioral_reference""]"
rd_state_carry,recurrent_depth_behavioral,visible_tests,"{""batching_complexity"": ""easy"", ""clue_clarity"": ""easy"", ""implementation_obfuscation"": ""easy"", ""recurrence_depth"": ""easy""}",hard,1,1,1,0,1.0,[1.0],"[""rd_state_carry__recurrence_depth=easy_clue_clarity=easy_visible_tests=hard_implementation_obfuscation=easy_batching_complexity=easy__seed-0""]","[""behavioral_reference""]"
rd_state_carry,recurrent_depth_behavioral,visible_tests,"{""batching_complexity"": ""easy"", ""clue_clarity"": ""easy"", ""implementation_obfuscation"": ""easy"", ""recurrence_depth"": ""easy""}",medium,1,1,1,0,1.0,[1.0],"[""rd_state_carry__recurrence_depth=easy_clue_clarity=easy_visible_tests=medium_implementation_obfuscation=easy_batching_complexity=easy__seed-0""]","[""behavioral_reference""]"
rd_state_carry,recurrent_depth_behavioral,visible_tests,"{""batching_complexity"": ""easy"", ""clue_clarity"": ""easy"", ""implementation_obfuscation"": ""easy"", ""recurrence_depth"": ""hard""}",easy,1,1,1,0,1.0,[1.0],"[""rd_state_carry__recurrence_depth=hard_clue_clarity=easy_visible_tests=easy_implementation_obfuscation=easy_batching_complexity=easy__seed-0""]","[""behavioral_reference""]"
rd_state_carry,recurrent_depth_behavioral,visible_tests,"{""batching_complexity"": ""easy"", ""clue_clarity"": ""easy"", ""implementation_obfuscation"": ""easy"", ""recurrence_depth"": ""medium""}",easy,1,1,1,0,1.0,[1.0],"[""rd_state_carry__recurrence_depth=medium_clue_clarity=easy_visible_tests=easy_implementation_obfuscation=easy_batching_complexity=easy__seed-0""]","[""behavioral_reference""]"
rd_state_carry,recurrent_depth_behavioral,visible_tests,"{""batching_complexity"": ""easy"", ""clue_clarity"": ""easy"", ""implementation_obfuscation"": ""hard"", ""recurrence_depth"": ""easy""}",easy,1,1,1,0,1.0,[1.0],"[""rd_state_carry__recurrence_depth=easy_clue_clarity=easy_visible_tests=easy_implementation_obfuscation=hard_batching_complexity=easy__seed-0""]","[""behavioral_reference""]"
rd_state_carry,recurrent_depth_behavioral,visible_tests,"{""batching_complexity"": ""easy"", ""clue_clarity"": ""easy"", ""implementation_obfuscation"": ""medium"", ""recurrence_depth"": ""easy""}",easy,1,1,1,0,1.0,[1.0],"[""rd_state_carry__recurrence_depth=easy_clue_clarity=easy_visible_tests=easy_implementation_obfuscation=medium_batching_complexity=easy__seed-0""]","[""behavioral_reference""]"
rd_state_carry,recurrent_depth_behavioral,visible_tests,"{""batching_complexity"": ""easy"", ""clue_clarity"": ""hard"", ""implementation_obfuscation"": ""easy"", ""recurrence_depth"": ""easy""}",easy,1,1,1,0,1.0,[1.0],"[""rd_state_carry__recurrence_depth=easy_clue_clarity=hard_visible_tests=easy_implementation_obfuscation=easy_batching_complexity=easy__seed-0""]","[""behavioral_reference""]"
rd_state_carry,recurrent_depth_behavioral,visible_tests,"{""batching_complexity"": ""easy"", ""clue_clarity"": ""medium"", ""implementation_obfuscation"": ""easy"", ""recurrence_depth"": ""easy""}",easy,1,1,1,0,1.0,[1.0],"[""rd_state_carry__recurrence_depth=easy_clue_clarity=medium_visible_tests=easy_implementation_obfuscation=easy_batching_complexity=easy__seed-0""]","[""behavioral_reference""]"
rd_state_carry,recurrent_depth_behavioral,visible_tests,"{""batching_complexity"": ""hard"", ""clue_clarity"": ""easy"", ""implementation_obfuscation"": ""easy"", ""recurrence_depth"": ""easy""}",easy,1,1,1,0,1.0,[1.0],"[""rd_state_carry__recurrence_depth=easy_clue_clarity=easy_visible_tests=easy_implementation_obfuscation=easy_batching_complexity=hard__seed-0""]","[""behavioral_reference""]"
rd_state_carry,recurrent_depth_behavioral,visible_tests,"{""batching_complexity"": ""medium"", ""clue_clarity"": ""easy"", ""implementation_obfuscation"": ""easy"", ""recurrence_depth"": ""easy""}",easy,1,1,1,0,1.0,[1.0],"[""rd_state_carry__recurrence_depth=easy_clue_clarity=easy_visible_tests=easy_implementation_obfuscation=easy_batching_complexity=medium__seed-0""]","[""behavioral_reference""]"
regex_state_machine,weird_machine,hidden_depth,"{""surface_deceptiveness"": ""easy""}",easy,1,1,1,0,1.0,[1.0],"[""regex_state_machine__surface_deceptiveness=easy_hidden_depth=easy__seed-0""]","[""behavioral_reference""]"
regex_state_machine,weird_machine,hidden_depth,"{""surface_deceptiveness"": ""easy""}",hard,1,1,1,0,1.0,[1.0],"[""regex_state_machine__surface_deceptiveness=easy_hidden_depth=hard__seed-0""]","[""behavioral_reference""]"
regex_state_machine,weird_machine,hidden_depth,"{""surface_deceptiveness"": ""easy""}",medium,1,1,1,0,1.0,[1.0],"[""regex_state_machine__surface_deceptiveness=easy_hidden_depth=medium__seed-0""]","[""behavioral_reference""]"
regex_state_machine,weird_machine,hidden_depth,"{""surface_deceptiveness"": ""hard""}",easy,1,1,0,1,0.0,[0.208333],"[""regex_state_machine__surface_deceptiveness=hard_hidden_depth=easy__seed-0""]","[""behavioral_reference""]"
regex_state_machine,weird_machine,hidden_depth,"{""surface_deceptiveness"": ""medium""}",easy,1,1,0,1,0.0,[0.208333],"[""regex_state_machine__surface_deceptiveness=medium_hidden_depth=easy__seed-0""]","[""behavioral_reference""]"
regex_state_machine,weird_machine,surface_deceptiveness,"{""hidden_depth"": ""easy""}",easy,1,1,1,0,1.0,[1.0],"[""regex_state_machine__surface_deceptiveness=easy_hidden_depth=easy__seed-0""]","[""behavioral_reference""]"
regex_state_machine,weird_machine,surface_deceptiveness,"{""hidden_depth"": ""easy""}",hard,1,1,0,1,0.0,[0.208333],"[""regex_state_machine__surface_deceptiveness=hard_hidden_depth=easy__seed-0""]","[""behavioral_reference""]"
regex_state_machine,weird_machine,surface_deceptiveness,"{""hidden_depth"": ""easy""}",medium,1,1,0,1,0.0,[0.208333],"[""regex_state_machine__surface_deceptiveness=medium_hidden_depth=easy__seed-0""]","[""behavioral_reference""]"
regex_state_machine,weird_machine,surface_deceptiveness,"{""hidden_depth"": ""hard""}",easy,1,1,1,0,1.0,[1.0],"[""regex_state_machine__surface_deceptiveness=easy_hidden_depth=hard__seed-0""]","[""behavioral_reference""]"
regex_state_machine,weird_machine,surface_deceptiveness,"{""hidden_depth"": ""medium""}",easy,1,1,1,0,1.0,[1.0],"[""regex_state_machine__surface_deceptiveness=easy_hidden_depth=medium__seed-0""]","[""behavioral_reference""]"
spreadsheet_dataflow,weird_machine,hidden_depth,"{""surface_deceptiveness"": ""easy""}",easy,1,1,1,0,1.0,[1.0],"[""spreadsheet_dataflow__surface_deceptiveness=easy_hidden_depth=easy__seed-0""]","[""behavioral_reference""]"
spreadsheet_dataflow,weird_machine,hidden_depth,"{""surface_deceptiveness"": ""easy""}",hard,1,1,1,0,1.0,[1.0],"[""spreadsheet_dataflow__surface_deceptiveness=easy_hidden_depth=hard__seed-0""]","[""behavioral_reference""]"
spreadsheet_dataflow,weird_machine,hidden_depth,"{""surface_deceptiveness"": ""easy""}",medium,1,1,1,0,1.0,[1.0],"[""spreadsheet_dataflow__surface_deceptiveness=easy_hidden_depth=medium__seed-0""]","[""behavioral_reference""]"
spreadsheet_dataflow,weird_machine,hidden_depth,"{""surface_deceptiveness"": ""hard""}",easy,1,1,1,0,1.0,[1.0],"[""spreadsheet_dataflow__surface_deceptiveness=hard_hidden_depth=easy__seed-0""]","[""behavioral_reference""]"
spreadsheet_dataflow,weird_machine,hidden_depth,"{""surface_deceptiveness"": ""medium""}",easy,1,1,1,0,1.0,[1.0],"[""spreadsheet_dataflow__surface_deceptiveness=medium_hidden_depth=easy__seed-0""]","[""behavioral_reference""]"
spreadsheet_dataflow,weird_machine,surface_deceptiveness,"{""hidden_depth"": ""easy""}",easy,1,1,1,0,1.0,[1.0],"[""spreadsheet_dataflow__surface_deceptiveness=easy_hidden_depth=easy__seed-0""]","[""behavioral_reference""]"
spreadsheet_dataflow,weird_machine,surface_deceptiveness,"{""hidden_depth"": ""easy""}",hard,1,1,1,0,1.0,[1.0],"[""spreadsheet_dataflow__surface_deceptiveness=hard_hidden_depth=easy__seed-0""]","[""behavioral_reference""]"
spreadsheet_dataflow,weird_machine,surface_deceptiveness,"{""hidden_depth"": ""easy""}",medium,1,1,1,0,1.0,[1.0],"[""spreadsheet_dataflow__surface_deceptiveness=medium_hidden_depth=easy__seed-0""]","[""behavioral_reference""]"
spreadsheet_dataflow,weird_machine,surface_deceptiveness,"{""hidden_depth"": ""hard""}",easy,1,1,1,0,1.0,[1.0],"[""spreadsheet_dataflow__surface_deceptiveness=easy_hidden_depth=hard__seed-0""]","[""behavioral_reference""]"
spreadsheet_dataflow,weird_machine,surface_deceptiveness,"{""hidden_depth"": ""medium""}",easy,1,1,1,0,1.0,[1.0],"[""spreadsheet_dataflow__surface_deceptiveness=easy_hidden_depth=medium__seed-0""]","[""behavioral_reference""]"
sql_fixed_point,weird_machine,hidden_depth,"{""surface_deceptiveness"": ""easy""}",easy,1,1,1,0,1.0,[1.0],"[""sql_fixed_point__surface_deceptiveness=easy_hidden_depth=easy__seed-0""]","[""behavioral_reference""]"
sql_fixed_point,weird_machine,hidden_depth,"{""surface_deceptiveness"": ""easy""}",hard,1,1,1,0,1.0,[1.0],"[""sql_fixed_point__surface_deceptiveness=easy_hidden_depth=hard__seed-0""]","[""behavioral_reference""]"
sql_fixed_point,weird_machine,hidden_depth,"{""surface_deceptiveness"": ""easy""}",medium,1,1,0,1,0.0,[0.0],"[""sql_fixed_point__surface_deceptiveness=easy_hidden_depth=medium__seed-0""]","[""behavioral_reference""]"
sql_fixed_point,weird_machine,hidden_depth,"{""surface_deceptiveness"": ""hard""}",easy,1,1,1,0,1.0,[1.0],"[""sql_fixed_point__surface_deceptiveness=hard_hidden_depth=easy__seed-0""]","[""behavioral_reference""]"
sql_fixed_point,weird_machine,hidden_depth,"{""surface_deceptiveness"": ""medium""}",easy,1,1,1,0,1.0,[1.0],"[""sql_fixed_point__surface_deceptiveness=medium_hidden_depth=easy__seed-0""]","[""behavioral_reference""]"
sql_fixed_point,weird_machine,surface_deceptiveness,"{""hidden_depth"": ""easy""}",easy,1,1,1,0,1.0,[1.0],"[""sql_fixed_point__surface_deceptiveness=easy_hidden_depth=easy__seed-0""]","[""behavioral_reference""]"
sql_fixed_point,weird_machine,surface_deceptiveness,"{""hidden_depth"": ""easy""}",hard,1,1,1,0,1.0,[1.0],"[""sql_fixed_point__surface_deceptiveness=hard_hidden_depth=easy__seed-0""]","[""behavioral_reference""]"
sql_fixed_point,weird_machine,surface_deceptiveness,"{""hidden_depth"": ""easy""}",medium,1,1,1,0,1.0,[1.0],"[""sql_fixed_point__surface_deceptiveness=medium_hidden_depth=easy__seed-0""]","[""behavioral_reference""]"
sql_fixed_point,weird_machine,surface_deceptiveness,"{""hidden_depth"": ""hard""}",easy,1,1,1,0,1.0,[1.0],"[""sql_fixed_point__surface_deceptiveness=easy_hidden_depth=hard__seed-0""]","[""behavioral_reference""]"
sql_fixed_point,weird_machine,surface_deceptiveness,"{""hidden_depth"": ""medium""}",easy,1,1,0,1,0.0,[0.0],"[""sql_fixed_point__surface_deceptiveness=easy_hidden_depth=medium__seed-0""]","[""behavioral_reference""]"
template_interpreter,weird_machine,hidden_depth,"{""surface_deceptiveness"": ""easy""}",easy,1,1,1,0,1.0,[1.0],"[""template_interpreter__surface_deceptiveness=easy_hidden_depth=easy__seed-0""]","[""behavioral_reference""]"
template_interpreter,weird_machine,hidden_depth,"{""surface_deceptiveness"": ""easy""}",hard,1,1,1,0,1.0,[1.0],"[""template_interpreter__surface_deceptiveness=easy_hidden_depth=hard__seed-0""]","[""behavioral_reference""]"
template_interpreter,weird_machine,hidden_depth,"{""surface_deceptiveness"": ""easy""}",medium,1,1,1,0,1.0,[1.0],"[""template_interpreter__surface_deceptiveness=easy_hidden_depth=medium__seed-0""]","[""behavioral_reference""]"
template_interpreter,weird_machine,hidden_depth,"{""surface_deceptiveness"": ""hard""}",easy,1,1,1,0,1.0,[1.0],"[""template_interpreter__surface_deceptiveness=hard_hidden_depth=easy__seed-0""]","[""behavioral_reference""]"
template_interpreter,weird_machine,hidden_depth,"{""surface_deceptiveness"": ""medium""}",easy,1,1,1,0,1.0,[1.0],"[""template_interpreter__surface_deceptiveness=medium_hidden_depth=easy__seed-0""]","[""behavioral_reference""]"
template_interpreter,weird_machine,surface_deceptiveness,"{""hidden_depth"": ""easy""}",easy,1,1,1,0,1.0,[1.0],"[""template_interpreter__surface_deceptiveness=easy_hidden_depth=easy__seed-0""]","[""behavioral_reference""]"
template_interpreter,weird_machine,surface_deceptiveness,"{""hidden_depth"": ""easy""}",hard,1,1,1,0,1.0,[1.0],"[""template_interpreter__surface_deceptiveness=hard_hidden_depth=easy__seed-0""]","[""behavioral_reference""]"
template_interpreter,weird_machine,surface_deceptiveness,"{""hidden_depth"": ""easy""}",medium,1,1,1,0,1.0,[1.0],"[""template_interpreter__surface_deceptiveness=medium_hidden_depth=easy__seed-0""]","[""behavioral_reference""]"
template_interpreter,weird_machine,surface_deceptiveness,"{""hidden_depth"": ""hard""}",easy,1,1,1,0,1.0,[1.0],"[""template_interpreter__surface_deceptiveness=easy_hidden_depth=hard__seed-0""]","[""behavioral_reference""]"
template_interpreter,weird_machine,surface_deceptiveness,"{""hidden_depth"": ""medium""}",easy,1,1,1,0,1.0,[1.0],"[""template_interpreter__surface_deceptiveness=easy_hidden_depth=medium__seed-0""]","[""behavioral_reference""]"
