environment,track,axis,other_axis_controls,level,recorded_cases,performance_eligible_cases,passes,fails,pass_rate,scores,case_ids,judge_guarantees
architecture_naturality,category_theoretic_compositional,naming,"{""symptom_mask"": ""easy""}",easy,1,1,1,0,1.0,[1.0],"[""architecture_naturality__naming=easy_symptom_mask=easy__seed-0""]","[""compile_only""]"
architecture_naturality,category_theoretic_compositional,naming,"{""symptom_mask"": ""easy""}",hard,1,1,1,0,1.0,[1.0],"[""architecture_naturality__naming=hard_symptom_mask=easy__seed-0""]","[""compile_only""]"
architecture_naturality,category_theoretic_compositional,naming,"{""symptom_mask"": ""easy""}",medium,1,1,1,0,1.0,[1.0],"[""architecture_naturality__naming=medium_symptom_mask=easy__seed-0""]","[""compile_only""]"
architecture_naturality,category_theoretic_compositional,naming,"{""symptom_mask"": ""hard""}",easy,1,1,1,0,1.0,[1.0],"[""architecture_naturality__naming=easy_symptom_mask=hard__seed-0""]","[""compile_only""]"
architecture_naturality,category_theoretic_compositional,naming,"{""symptom_mask"": ""medium""}",easy,1,1,1,0,1.0,[1.0],"[""architecture_naturality__naming=easy_symptom_mask=medium__seed-0""]","[""compile_only""]"
architecture_naturality,category_theoretic_compositional,symptom_mask,"{""naming"": ""easy""}",easy,1,1,1,0,1.0,[1.0],"[""architecture_naturality__naming=easy_symptom_mask=easy__seed-0""]","[""compile_only""]"
architecture_naturality,category_theoretic_compositional,symptom_mask,"{""naming"": ""easy""}",hard,1,1,1,0,1.0,[1.0],"[""architecture_naturality__naming=easy_symptom_mask=hard__seed-0""]","[""compile_only""]"
architecture_naturality,category_theoretic_compositional,symptom_mask,"{""naming"": ""easy""}",medium,1,1,1,0,1.0,[1.0],"[""architecture_naturality__naming=easy_symptom_mask=medium__seed-0""]","[""compile_only""]"
architecture_naturality,category_theoretic_compositional,symptom_mask,"{""naming"": ""hard""}",easy,1,1,1,0,1.0,[1.0],"[""architecture_naturality__naming=hard_symptom_mask=easy__seed-0""]","[""compile_only""]"
architecture_naturality,category_theoretic_compositional,symptom_mask,"{""naming"": ""medium""}",easy,1,1,1,0,1.0,[1.0],"[""architecture_naturality__naming=medium_symptom_mask=easy__seed-0""]","[""compile_only""]"
batchnorm_ema,ml_debugging,data_complexity,"{""optimizer_hint"": ""easy"", ""red_herring"": ""easy"", ""symptom_mask"": ""easy"", ""visible_tests"": ""easy""}",easy,1,1,0,1,0.0,[0.0],"[""batchnorm_ema__optimizer_hint=easy_red_herring=easy_visible_tests=easy_data_complexity=easy_symptom_mask=easy__seed-0""]","[""compile_only""]"
batchnorm_ema,ml_debugging,data_complexity,"{""optimizer_hint"": ""easy"", ""red_herring"": ""easy"", ""symptom_mask"": ""easy"", ""visible_tests"": ""easy""}",hard,1,1,0,1,0.0,[0.0],"[""batchnorm_ema__optimizer_hint=easy_red_herring=easy_visible_tests=easy_data_complexity=hard_symptom_mask=easy__seed-0""]","[""compile_only""]"
batchnorm_ema,ml_debugging,data_complexity,"{""optimizer_hint"": ""easy"", ""red_herring"": ""easy"", ""symptom_mask"": ""easy"", ""visible_tests"": ""easy""}",medium,1,1,0,1,0.0,[0.0],"[""batchnorm_ema__optimizer_hint=easy_red_herring=easy_visible_tests=easy_data_complexity=medium_symptom_mask=easy__seed-0""]","[""compile_only""]"
batchnorm_ema,ml_debugging,data_complexity,"{""optimizer_hint"": ""easy"", ""red_herring"": ""easy"", ""symptom_mask"": ""easy"", ""visible_tests"": ""hard""}",easy,1,1,0,1,0.0,[0.0],"[""batchnorm_ema__optimizer_hint=easy_red_herring=easy_visible_tests=hard_data_complexity=easy_symptom_mask=easy__seed-0""]","[""compile_only""]"
batchnorm_ema,ml_debugging,data_complexity,"{""optimizer_hint"": ""easy"", ""red_herring"": ""easy"", ""symptom_mask"": ""easy"", ""visible_tests"": ""medium""}",easy,1,1,0,1,0.0,[0.0],"[""batchnorm_ema__optimizer_hint=easy_red_herring=easy_visible_tests=medium_data_complexity=easy_symptom_mask=easy__seed-0""]","[""compile_only""]"
batchnorm_ema,ml_debugging,data_complexity,"{""optimizer_hint"": ""easy"", ""red_herring"": ""easy"", ""symptom_mask"": ""hard"", ""visible_tests"": ""easy""}",easy,1,1,0,1,0.0,[0.0],"[""batchnorm_ema__optimizer_hint=easy_red_herring=easy_visible_tests=easy_data_complexity=easy_symptom_mask=hard__seed-0""]","[""compile_only""]"
batchnorm_ema,ml_debugging,data_complexity,"{""optimizer_hint"": ""easy"", ""red_herring"": ""easy"", ""symptom_mask"": ""medium"", ""visible_tests"": ""easy""}",easy,1,1,0,1,0.0,[0.0],"[""batchnorm_ema__optimizer_hint=easy_red_herring=easy_visible_tests=easy_data_complexity=easy_symptom_mask=medium__seed-0""]","[""compile_only""]"
batchnorm_ema,ml_debugging,data_complexity,"{""optimizer_hint"": ""easy"", ""red_herring"": ""hard"", ""symptom_mask"": ""easy"", ""visible_tests"": ""easy""}",easy,1,1,0,1,0.0,[0.0],"[""batchnorm_ema__optimizer_hint=easy_red_herring=hard_visible_tests=easy_data_complexity=easy_symptom_mask=easy__seed-0""]","[""compile_only""]"
batchnorm_ema,ml_debugging,data_complexity,"{""optimizer_hint"": ""easy"", ""red_herring"": ""medium"", ""symptom_mask"": ""easy"", ""visible_tests"": ""easy""}",easy,1,1,0,1,0.0,[0.95],"[""batchnorm_ema__optimizer_hint=easy_red_herring=medium_visible_tests=easy_data_complexity=easy_symptom_mask=easy__seed-0""]","[""compile_only""]"
batchnorm_ema,ml_debugging,data_complexity,"{""optimizer_hint"": ""hard"", ""red_herring"": ""easy"", ""symptom_mask"": ""easy"", ""visible_tests"": ""easy""}",easy,1,1,0,1,0.0,[0.0],"[""batchnorm_ema__optimizer_hint=hard_red_herring=easy_visible_tests=easy_data_complexity=easy_symptom_mask=easy__seed-0""]","[""compile_only""]"
batchnorm_ema,ml_debugging,data_complexity,"{""optimizer_hint"": ""medium"", ""red_herring"": ""easy"", ""symptom_mask"": ""easy"", ""visible_tests"": ""easy""}",easy,1,1,0,1,0.0,[0.0],"[""batchnorm_ema__optimizer_hint=medium_red_herring=easy_visible_tests=easy_data_complexity=easy_symptom_mask=easy__seed-0""]","[""compile_only""]"
batchnorm_ema,ml_debugging,optimizer_hint,"{""data_complexity"": ""easy"", ""red_herring"": ""easy"", ""symptom_mask"": ""easy"", ""visible_tests"": ""easy""}",easy,1,1,0,1,0.0,[0.0],"[""batchnorm_ema__optimizer_hint=easy_red_herring=easy_visible_tests=easy_data_complexity=easy_symptom_mask=easy__seed-0""]","[""compile_only""]"
batchnorm_ema,ml_debugging,optimizer_hint,"{""data_complexity"": ""easy"", ""red_herring"": ""easy"", ""symptom_mask"": ""easy"", ""visible_tests"": ""easy""}",hard,1,1,0,1,0.0,[0.0],"[""batchnorm_ema__optimizer_hint=hard_red_herring=easy_visible_tests=easy_data_complexity=easy_symptom_mask=easy__seed-0""]","[""compile_only""]"
batchnorm_ema,ml_debugging,optimizer_hint,"{""data_complexity"": ""easy"", ""red_herring"": ""easy"", ""symptom_mask"": ""easy"", ""visible_tests"": ""easy""}",medium,1,1,0,1,0.0,[0.0],"[""batchnorm_ema__optimizer_hint=medium_red_herring=easy_visible_tests=easy_data_complexity=easy_symptom_mask=easy__seed-0""]","[""compile_only""]"
batchnorm_ema,ml_debugging,optimizer_hint,"{""data_complexity"": ""easy"", ""red_herring"": ""easy"", ""symptom_mask"": ""easy"", ""visible_tests"": ""hard""}",easy,1,1,0,1,0.0,[0.0],"[""batchnorm_ema__optimizer_hint=easy_red_herring=easy_visible_tests=hard_data_complexity=easy_symptom_mask=easy__seed-0""]","[""compile_only""]"
batchnorm_ema,ml_debugging,optimizer_hint,"{""data_complexity"": ""easy"", ""red_herring"": ""easy"", ""symptom_mask"": ""easy"", ""visible_tests"": ""medium""}",easy,1,1,0,1,0.0,[0.0],"[""batchnorm_ema__optimizer_hint=easy_red_herring=easy_visible_tests=medium_data_complexity=easy_symptom_mask=easy__seed-0""]","[""compile_only""]"
batchnorm_ema,ml_debugging,optimizer_hint,"{""data_complexity"": ""easy"", ""red_herring"": ""easy"", ""symptom_mask"": ""hard"", ""visible_tests"": ""easy""}",easy,1,1,0,1,0.0,[0.0],"[""batchnorm_ema__optimizer_hint=easy_red_herring=easy_visible_tests=easy_data_complexity=easy_symptom_mask=hard__seed-0""]","[""compile_only""]"
batchnorm_ema,ml_debugging,optimizer_hint,"{""data_complexity"": ""easy"", ""red_herring"": ""easy"", ""symptom_mask"": ""medium"", ""visible_tests"": ""easy""}",easy,1,1,0,1,0.0,[0.0],"[""batchnorm_ema__optimizer_hint=easy_red_herring=easy_visible_tests=easy_data_complexity=easy_symptom_mask=medium__seed-0""]","[""compile_only""]"
batchnorm_ema,ml_debugging,optimizer_hint,"{""data_complexity"": ""easy"", ""red_herring"": ""hard"", ""symptom_mask"": ""easy"", ""visible_tests"": ""easy""}",easy,1,1,0,1,0.0,[0.0],"[""batchnorm_ema__optimizer_hint=easy_red_herring=hard_visible_tests=easy_data_complexity=easy_symptom_mask=easy__seed-0""]","[""compile_only""]"
batchnorm_ema,ml_debugging,optimizer_hint,"{""data_complexity"": ""easy"", ""red_herring"": ""medium"", ""symptom_mask"": ""easy"", ""visible_tests"": ""easy""}",easy,1,1,0,1,0.0,[0.95],"[""batchnorm_ema__optimizer_hint=easy_red_herring=medium_visible_tests=easy_data_complexity=easy_symptom_mask=easy__seed-0""]","[""compile_only""]"
batchnorm_ema,ml_debugging,optimizer_hint,"{""data_complexity"": ""hard"", ""red_herring"": ""easy"", ""symptom_mask"": ""easy"", ""visible_tests"": ""easy""}",easy,1,1,0,1,0.0,[0.0],"[""batchnorm_ema__optimizer_hint=easy_red_herring=easy_visible_tests=easy_data_complexity=hard_symptom_mask=easy__seed-0""]","[""compile_only""]"
batchnorm_ema,ml_debugging,optimizer_hint,"{""data_complexity"": ""medium"", ""red_herring"": ""easy"", ""symptom_mask"": ""easy"", ""visible_tests"": ""easy""}",easy,1,1,0,1,0.0,[0.0],"[""batchnorm_ema__optimizer_hint=easy_red_herring=easy_visible_tests=easy_data_complexity=medium_symptom_mask=easy__seed-0""]","[""compile_only""]"
batchnorm_ema,ml_debugging,red_herring,"{""data_complexity"": ""easy"", ""optimizer_hint"": ""easy"", ""symptom_mask"": ""easy"", ""visible_tests"": ""easy""}",easy,1,1,0,1,0.0,[0.0],"[""batchnorm_ema__optimizer_hint=easy_red_herring=easy_visible_tests=easy_data_complexity=easy_symptom_mask=easy__seed-0""]","[""compile_only""]"
batchnorm_ema,ml_debugging,red_herring,"{""data_complexity"": ""easy"", ""optimizer_hint"": ""easy"", ""symptom_mask"": ""easy"", ""visible_tests"": ""easy""}",hard,1,1,0,1,0.0,[0.0],"[""batchnorm_ema__optimizer_hint=easy_red_herring=hard_visible_tests=easy_data_complexity=easy_symptom_mask=easy__seed-0""]","[""compile_only""]"
batchnorm_ema,ml_debugging,red_herring,"{""data_complexity"": ""easy"", ""optimizer_hint"": ""easy"", ""symptom_mask"": ""easy"", ""visible_tests"": ""easy""}",medium,1,1,0,1,0.0,[0.95],"[""batchnorm_ema__optimizer_hint=easy_red_herring=medium_visible_tests=easy_data_complexity=easy_symptom_mask=easy__seed-0""]","[""compile_only""]"
batchnorm_ema,ml_debugging,red_herring,"{""data_complexity"": ""easy"", ""optimizer_hint"": ""easy"", ""symptom_mask"": ""easy"", ""visible_tests"": ""hard""}",easy,1,1,0,1,0.0,[0.0],"[""batchnorm_ema__optimizer_hint=easy_red_herring=easy_visible_tests=hard_data_complexity=easy_symptom_mask=easy__seed-0""]","[""compile_only""]"
batchnorm_ema,ml_debugging,red_herring,"{""data_complexity"": ""easy"", ""optimizer_hint"": ""easy"", ""symptom_mask"": ""easy"", ""visible_tests"": ""medium""}",easy,1,1,0,1,0.0,[0.0],"[""batchnorm_ema__optimizer_hint=easy_red_herring=easy_visible_tests=medium_data_complexity=easy_symptom_mask=easy__seed-0""]","[""compile_only""]"
batchnorm_ema,ml_debugging,red_herring,"{""data_complexity"": ""easy"", ""optimizer_hint"": ""easy"", ""symptom_mask"": ""hard"", ""visible_tests"": ""easy""}",easy,1,1,0,1,0.0,[0.0],"[""batchnorm_ema__optimizer_hint=easy_red_herring=easy_visible_tests=easy_data_complexity=easy_symptom_mask=hard__seed-0""]","[""compile_only""]"
batchnorm_ema,ml_debugging,red_herring,"{""data_complexity"": ""easy"", ""optimizer_hint"": ""easy"", ""symptom_mask"": ""medium"", ""visible_tests"": ""easy""}",easy,1,1,0,1,0.0,[0.0],"[""batchnorm_ema__optimizer_hint=easy_red_herring=easy_visible_tests=easy_data_complexity=easy_symptom_mask=medium__seed-0""]","[""compile_only""]"
batchnorm_ema,ml_debugging,red_herring,"{""data_complexity"": ""easy"", ""optimizer_hint"": ""hard"", ""symptom_mask"": ""easy"", ""visible_tests"": ""easy""}",easy,1,1,0,1,0.0,[0.0],"[""batchnorm_ema__optimizer_hint=hard_red_herring=easy_visible_tests=easy_data_complexity=easy_symptom_mask=easy__seed-0""]","[""compile_only""]"
batchnorm_ema,ml_debugging,red_herring,"{""data_complexity"": ""easy"", ""optimizer_hint"": ""medium"", ""symptom_mask"": ""easy"", ""visible_tests"": ""easy""}",easy,1,1,0,1,0.0,[0.0],"[""batchnorm_ema__optimizer_hint=medium_red_herring=easy_visible_tests=easy_data_complexity=easy_symptom_mask=easy__seed-0""]","[""compile_only""]"
batchnorm_ema,ml_debugging,red_herring,"{""data_complexity"": ""hard"", ""optimizer_hint"": ""easy"", ""symptom_mask"": ""easy"", ""visible_tests"": ""easy""}",easy,1,1,0,1,0.0,[0.0],"[""batchnorm_ema__optimizer_hint=easy_red_herring=easy_visible_tests=easy_data_complexity=hard_symptom_mask=easy__seed-0""]","[""compile_only""]"
batchnorm_ema,ml_debugging,red_herring,"{""data_complexity"": ""medium"", ""optimizer_hint"": ""easy"", ""symptom_mask"": ""easy"", ""visible_tests"": ""easy""}",easy,1,1,0,1,0.0,[0.0],"[""batchnorm_ema__optimizer_hint=easy_red_herring=easy_visible_tests=easy_data_complexity=medium_symptom_mask=easy__seed-0""]","[""compile_only""]"
batchnorm_ema,ml_debugging,symptom_mask,"{""data_complexity"": ""easy"", ""optimizer_hint"": ""easy"", ""red_herring"": ""easy"", ""visible_tests"": ""easy""}",easy,1,1,0,1,0.0,[0.0],"[""batchnorm_ema__optimizer_hint=easy_red_herring=easy_visible_tests=easy_data_complexity=easy_symptom_mask=easy__seed-0""]","[""compile_only""]"
batchnorm_ema,ml_debugging,symptom_mask,"{""data_complexity"": ""easy"", ""optimizer_hint"": ""easy"", ""red_herring"": ""easy"", ""visible_tests"": ""easy""}",hard,1,1,0,1,0.0,[0.0],"[""batchnorm_ema__optimizer_hint=easy_red_herring=easy_visible_tests=easy_data_complexity=easy_symptom_mask=hard__seed-0""]","[""compile_only""]"
batchnorm_ema,ml_debugging,symptom_mask,"{""data_complexity"": ""easy"", ""optimizer_hint"": ""easy"", ""red_herring"": ""easy"", ""visible_tests"": ""easy""}",medium,1,1,0,1,0.0,[0.0],"[""batchnorm_ema__optimizer_hint=easy_red_herring=easy_visible_tests=easy_data_complexity=easy_symptom_mask=medium__seed-0""]","[""compile_only""]"
batchnorm_ema,ml_debugging,symptom_mask,"{""data_complexity"": ""easy"", ""optimizer_hint"": ""easy"", ""red_herring"": ""easy"", ""visible_tests"": ""hard""}",easy,1,1,0,1,0.0,[0.0],"[""batchnorm_ema__optimizer_hint=easy_red_herring=easy_visible_tests=hard_data_complexity=easy_symptom_mask=easy__seed-0""]","[""compile_only""]"
batchnorm_ema,ml_debugging,symptom_mask,"{""data_complexity"": ""easy"", ""optimizer_hint"": ""easy"", ""red_herring"": ""easy"", ""visible_tests"": ""medium""}",easy,1,1,0,1,0.0,[0.0],"[""batchnorm_ema__optimizer_hint=easy_red_herring=easy_visible_tests=medium_data_complexity=easy_symptom_mask=easy__seed-0""]","[""compile_only""]"
batchnorm_ema,ml_debugging,symptom_mask,"{""data_complexity"": ""easy"", ""optimizer_hint"": ""easy"", ""red_herring"": ""hard"", ""visible_tests"": ""easy""}",easy,1,1,0,1,0.0,[0.0],"[""batchnorm_ema__optimizer_hint=easy_red_herring=hard_visible_tests=easy_data_complexity=easy_symptom_mask=easy__seed-0""]","[""compile_only""]"
batchnorm_ema,ml_debugging,symptom_mask,"{""data_complexity"": ""easy"", ""optimizer_hint"": ""easy"", ""red_herring"": ""medium"", ""visible_tests"": ""easy""}",easy,1,1,0,1,0.0,[0.95],"[""batchnorm_ema__optimizer_hint=easy_red_herring=medium_visible_tests=easy_data_complexity=easy_symptom_mask=easy__seed-0""]","[""compile_only""]"
batchnorm_ema,ml_debugging,symptom_mask,"{""data_complexity"": ""easy"", ""optimizer_hint"": ""hard"", ""red_herring"": ""easy"", ""visible_tests"": ""easy""}",easy,1,1,0,1,0.0,[0.0],"[""batchnorm_ema__optimizer_hint=hard_red_herring=easy_visible_tests=easy_data_complexity=easy_symptom_mask=easy__seed-0""]","[""compile_only""]"
batchnorm_ema,ml_debugging,symptom_mask,"{""data_complexity"": ""easy"", ""optimizer_hint"": ""medium"", ""red_herring"": ""easy"", ""visible_tests"": ""easy""}",easy,1,1,0,1,0.0,[0.0],"[""batchnorm_ema__optimizer_hint=medium_red_herring=easy_visible_tests=easy_data_complexity=easy_symptom_mask=easy__seed-0""]","[""compile_only""]"
batchnorm_ema,ml_debugging,symptom_mask,"{""data_complexity"": ""hard"", ""optimizer_hint"": ""easy"", ""red_herring"": ""easy"", ""visible_tests"": ""easy""}",easy,1,1,0,1,0.0,[0.0],"[""batchnorm_ema__optimizer_hint=easy_red_herring=easy_visible_tests=easy_data_complexity=hard_symptom_mask=easy__seed-0""]","[""compile_only""]"
batchnorm_ema,ml_debugging,symptom_mask,"{""data_complexity"": ""medium"", ""optimizer_hint"": ""easy"", ""red_herring"": ""easy"", ""visible_tests"": ""easy""}",easy,1,1,0,1,0.0,[0.0],"[""batchnorm_ema__optimizer_hint=easy_red_herring=easy_visible_tests=easy_data_complexity=medium_symptom_mask=easy__seed-0""]","[""compile_only""]"
batchnorm_ema,ml_debugging,visible_tests,"{""data_complexity"": ""easy"", ""optimizer_hint"": ""easy"", ""red_herring"": ""easy"", ""symptom_mask"": ""easy""}",easy,1,1,0,1,0.0,[0.0],"[""batchnorm_ema__optimizer_hint=easy_red_herring=easy_visible_tests=easy_data_complexity=easy_symptom_mask=easy__seed-0""]","[""compile_only""]"
batchnorm_ema,ml_debugging,visible_tests,"{""data_complexity"": ""easy"", ""optimizer_hint"": ""easy"", ""red_herring"": ""easy"", ""symptom_mask"": ""easy""}",hard,1,1,0,1,0.0,[0.0],"[""batchnorm_ema__optimizer_hint=easy_red_herring=easy_visible_tests=hard_data_complexity=easy_symptom_mask=easy__seed-0""]","[""compile_only""]"
batchnorm_ema,ml_debugging,visible_tests,"{""data_complexity"": ""easy"", ""optimizer_hint"": ""easy"", ""red_herring"": ""easy"", ""symptom_mask"": ""easy""}",medium,1,1,0,1,0.0,[0.0],"[""batchnorm_ema__optimizer_hint=easy_red_herring=easy_visible_tests=medium_data_complexity=easy_symptom_mask=easy__seed-0""]","[""compile_only""]"
batchnorm_ema,ml_debugging,visible_tests,"{""data_complexity"": ""easy"", ""optimizer_hint"": ""easy"", ""red_herring"": ""easy"", ""symptom_mask"": ""hard""}",easy,1,1,0,1,0.0,[0.0],"[""batchnorm_ema__optimizer_hint=easy_red_herring=easy_visible_tests=easy_data_complexity=easy_symptom_mask=hard__seed-0""]","[""compile_only""]"
batchnorm_ema,ml_debugging,visible_tests,"{""data_complexity"": ""easy"", ""optimizer_hint"": ""easy"", ""red_herring"": ""easy"", ""symptom_mask"": ""medium""}",easy,1,1,0,1,0.0,[0.0],"[""batchnorm_ema__optimizer_hint=easy_red_herring=easy_visible_tests=easy_data_complexity=easy_symptom_mask=medium__seed-0""]","[""compile_only""]"
batchnorm_ema,ml_debugging,visible_tests,"{""data_complexity"": ""easy"", ""optimizer_hint"": ""easy"", ""red_herring"": ""hard"", ""symptom_mask"": ""easy""}",easy,1,1,0,1,0.0,[0.0],"[""batchnorm_ema__optimizer_hint=easy_red_herring=hard_visible_tests=easy_data_complexity=easy_symptom_mask=easy__seed-0""]","[""compile_only""]"
batchnorm_ema,ml_debugging,visible_tests,"{""data_complexity"": ""easy"", ""optimizer_hint"": ""easy"", ""red_herring"": ""medium"", ""symptom_mask"": ""easy""}",easy,1,1,0,1,0.0,[0.95],"[""batchnorm_ema__optimizer_hint=easy_red_herring=medium_visible_tests=easy_data_complexity=easy_symptom_mask=easy__seed-0""]","[""compile_only""]"
batchnorm_ema,ml_debugging,visible_tests,"{""data_complexity"": ""easy"", ""optimizer_hint"": ""hard"", ""red_herring"": ""easy"", ""symptom_mask"": ""easy""}",easy,1,1,0,1,0.0,[0.0],"[""batchnorm_ema__optimizer_hint=hard_red_herring=easy_visible_tests=easy_data_complexity=easy_symptom_mask=easy__seed-0""]","[""compile_only""]"
batchnorm_ema,ml_debugging,visible_tests,"{""data_complexity"": ""easy"", ""optimizer_hint"": ""medium"", ""red_herring"": ""easy"", ""symptom_mask"": ""easy""}",easy,1,1,0,1,0.0,[0.0],"[""batchnorm_ema__optimizer_hint=medium_red_herring=easy_visible_tests=easy_data_complexity=easy_symptom_mask=easy__seed-0""]","[""compile_only""]"
batchnorm_ema,ml_debugging,visible_tests,"{""data_complexity"": ""hard"", ""optimizer_hint"": ""easy"", ""red_herring"": ""easy"", ""symptom_mask"": ""easy""}",easy,1,1,0,1,0.0,[0.0],"[""batchnorm_ema__optimizer_hint=easy_red_herring=easy_visible_tests=easy_data_complexity=hard_symptom_mask=easy__seed-0""]","[""compile_only""]"
batchnorm_ema,ml_debugging,visible_tests,"{""data_complexity"": ""medium"", ""optimizer_hint"": ""easy"", ""red_herring"": ""easy"", ""symptom_mask"": ""easy""}",easy,1,1,0,1,0.0,[0.0],"[""batchnorm_ema__optimizer_hint=easy_red_herring=easy_visible_tests=easy_data_complexity=medium_symptom_mask=easy__seed-0""]","[""compile_only""]"
categorical_lenses,category_theoretic_compositional,naming,"{""symptom_mask"": ""easy""}",easy,1,1,1,0,1.0,[1.0],"[""categorical_lenses__naming=easy_symptom_mask=easy__seed-0""]","[""behavioral_reference""]"
categorical_lenses,category_theoretic_compositional,naming,"{""symptom_mask"": ""easy""}",hard,1,1,1,0,1.0,[1.0],"[""categorical_lenses__naming=hard_symptom_mask=easy__seed-0""]","[""behavioral_reference""]"
categorical_lenses,category_theoretic_compositional,naming,"{""symptom_mask"": ""easy""}",medium,1,1,1,0,1.0,[1.0],"[""categorical_lenses__naming=medium_symptom_mask=easy__seed-0""]","[""behavioral_reference""]"
categorical_lenses,category_theoretic_compositional,naming,"{""symptom_mask"": ""hard""}",easy,1,1,0,1,0.0,[0.0],"[""categorical_lenses__naming=easy_symptom_mask=hard__seed-0""]","[""behavioral_reference""]"
categorical_lenses,category_theoretic_compositional,naming,"{""symptom_mask"": ""medium""}",easy,1,1,1,0,1.0,[1.0],"[""categorical_lenses__naming=easy_symptom_mask=medium__seed-0""]","[""behavioral_reference""]"
categorical_lenses,category_theoretic_compositional,symptom_mask,"{""naming"": ""easy""}",easy,1,1,1,0,1.0,[1.0],"[""categorical_lenses__naming=easy_symptom_mask=easy__seed-0""]","[""behavioral_reference""]"
categorical_lenses,category_theoretic_compositional,symptom_mask,"{""naming"": ""easy""}",hard,1,1,0,1,0.0,[0.0],"[""categorical_lenses__naming=easy_symptom_mask=hard__seed-0""]","[""behavioral_reference""]"
categorical_lenses,category_theoretic_compositional,symptom_mask,"{""naming"": ""easy""}",medium,1,1,1,0,1.0,[1.0],"[""categorical_lenses__naming=easy_symptom_mask=medium__seed-0""]","[""behavioral_reference""]"
categorical_lenses,category_theoretic_compositional,symptom_mask,"{""naming"": ""hard""}",easy,1,1,1,0,1.0,[1.0],"[""categorical_lenses__naming=hard_symptom_mask=easy__seed-0""]","[""behavioral_reference""]"
categorical_lenses,category_theoretic_compositional,symptom_mask,"{""naming"": ""medium""}",easy,1,1,1,0,1.0,[1.0],"[""categorical_lenses__naming=medium_symptom_mask=easy__seed-0""]","[""behavioral_reference""]"
ci_dependency_graph,weird_machine,hidden_depth,"{""surface_deceptiveness"": ""easy""}",easy,1,1,1,0,1.0,[1.0],"[""ci_dependency_graph__surface_deceptiveness=easy_hidden_depth=easy__seed-0""]","[""behavioral_reference""]"
ci_dependency_graph,weird_machine,hidden_depth,"{""surface_deceptiveness"": ""easy""}",hard,1,1,1,0,1.0,[1.0],"[""ci_dependency_graph__surface_deceptiveness=easy_hidden_depth=hard__seed-0""]","[""behavioral_reference""]"
ci_dependency_graph,weird_machine,hidden_depth,"{""surface_deceptiveness"": ""easy""}",medium,1,1,1,0,1.0,[1.0],"[""ci_dependency_graph__surface_deceptiveness=easy_hidden_depth=medium__seed-0""]","[""behavioral_reference""]"
ci_dependency_graph,weird_machine,hidden_depth,"{""surface_deceptiveness"": ""hard""}",easy,1,1,1,0,1.0,[1.0],"[""ci_dependency_graph__surface_deceptiveness=hard_hidden_depth=easy__seed-0""]","[""behavioral_reference""]"
ci_dependency_graph,weird_machine,hidden_depth,"{""surface_deceptiveness"": ""medium""}",easy,1,1,1,0,1.0,[1.0],"[""ci_dependency_graph__surface_deceptiveness=medium_hidden_depth=easy__seed-0""]","[""behavioral_reference""]"
ci_dependency_graph,weird_machine,surface_deceptiveness,"{""hidden_depth"": ""easy""}",easy,1,1,1,0,1.0,[1.0],"[""ci_dependency_graph__surface_deceptiveness=easy_hidden_depth=easy__seed-0""]","[""behavioral_reference""]"
ci_dependency_graph,weird_machine,surface_deceptiveness,"{""hidden_depth"": ""easy""}",hard,1,1,1,0,1.0,[1.0],"[""ci_dependency_graph__surface_deceptiveness=hard_hidden_depth=easy__seed-0""]","[""behavioral_reference""]"
ci_dependency_graph,weird_machine,surface_deceptiveness,"{""hidden_depth"": ""easy""}",medium,1,1,1,0,1.0,[1.0],"[""ci_dependency_graph__surface_deceptiveness=medium_hidden_depth=easy__seed-0""]","[""behavioral_reference""]"
ci_dependency_graph,weird_machine,surface_deceptiveness,"{""hidden_depth"": ""hard""}",easy,1,1,1,0,1.0,[1.0],"[""ci_dependency_graph__surface_deceptiveness=easy_hidden_depth=hard__seed-0""]","[""behavioral_reference""]"
ci_dependency_graph,weird_machine,surface_deceptiveness,"{""hidden_depth"": ""medium""}",easy,1,1,1,0,1.0,[1.0],"[""ci_dependency_graph__surface_deceptiveness=easy_hidden_depth=medium__seed-0""]","[""behavioral_reference""]"
compositional_optimizer,category_theoretic_compositional,naming,"{""symptom_mask"": ""easy""}",easy,1,1,0,1,0.0,[0.0],"[""compositional_optimizer__naming=easy_symptom_mask=easy__seed-0""]","[""compile_only""]"
compositional_optimizer,category_theoretic_compositional,naming,"{""symptom_mask"": ""easy""}",hard,1,1,1,0,1.0,[1.0],"[""compositional_optimizer__naming=hard_symptom_mask=easy__seed-0""]","[""compile_only""]"
compositional_optimizer,category_theoretic_compositional,naming,"{""symptom_mask"": ""easy""}",medium,1,1,0,1,0.0,[0.0],"[""compositional_optimizer__naming=medium_symptom_mask=easy__seed-0""]","[""compile_only""]"
compositional_optimizer,category_theoretic_compositional,naming,"{""symptom_mask"": ""hard""}",easy,1,1,1,0,1.0,[1.0],"[""compositional_optimizer__naming=easy_symptom_mask=hard__seed-0""]","[""compile_only""]"
compositional_optimizer,category_theoretic_compositional,naming,"{""symptom_mask"": ""medium""}",easy,1,1,1,0,1.0,[1.0],"[""compositional_optimizer__naming=easy_symptom_mask=medium__seed-0""]","[""compile_only""]"
compositional_optimizer,category_theoretic_compositional,symptom_mask,"{""naming"": ""easy""}",easy,1,1,0,1,0.0,[0.0],"[""compositional_optimizer__naming=easy_symptom_mask=easy__seed-0""]","[""compile_only""]"
compositional_optimizer,category_theoretic_compositional,symptom_mask,"{""naming"": ""easy""}",hard,1,1,1,0,1.0,[1.0],"[""compositional_optimizer__naming=easy_symptom_mask=hard__seed-0""]","[""compile_only""]"
compositional_optimizer,category_theoretic_compositional,symptom_mask,"{""naming"": ""easy""}",medium,1,1,1,0,1.0,[1.0],"[""compositional_optimizer__naming=easy_symptom_mask=medium__seed-0""]","[""compile_only""]"
compositional_optimizer,category_theoretic_compositional,symptom_mask,"{""naming"": ""hard""}",easy,1,1,1,0,1.0,[1.0],"[""compositional_optimizer__naming=hard_symptom_mask=easy__seed-0""]","[""compile_only""]"
compositional_optimizer,category_theoretic_compositional,symptom_mask,"{""naming"": ""medium""}",easy,1,1,0,1,0.0,[0.0],"[""compositional_optimizer__naming=medium_symptom_mask=easy__seed-0""]","[""compile_only""]"
css_state_machine,weird_machine,hidden_depth,"{""surface_deceptiveness"": ""easy""}",easy,1,1,0,1,0.0,[0.416667],"[""css_state_machine__surface_deceptiveness=easy_hidden_depth=easy__seed-0""]","[""behavioral_reference""]"
css_state_machine,weird_machine,hidden_depth,"{""surface_deceptiveness"": ""easy""}",hard,1,1,1,0,1.0,[1.0],"[""css_state_machine__surface_deceptiveness=easy_hidden_depth=hard__seed-0""]","[""behavioral_reference""]"
css_state_machine,weird_machine,hidden_depth,"{""surface_deceptiveness"": ""easy""}",medium,1,1,0,1,0.0,[0.0],"[""css_state_machine__surface_deceptiveness=easy_hidden_depth=medium__seed-0""]","[""behavioral_reference""]"
css_state_machine,weird_machine,hidden_depth,"{""surface_deceptiveness"": ""hard""}",easy,1,1,1,0,1.0,[1.0],"[""css_state_machine__surface_deceptiveness=hard_hidden_depth=easy__seed-0""]","[""behavioral_reference""]"
css_state_machine,weird_machine,hidden_depth,"{""surface_deceptiveness"": ""medium""}",easy,1,1,1,0,1.0,[1.0],"[""css_state_machine__surface_deceptiveness=medium_hidden_depth=easy__seed-0""]","[""behavioral_reference""]"
css_state_machine,weird_machine,surface_deceptiveness,"{""hidden_depth"": ""easy""}",easy,1,1,0,1,0.0,[0.416667],"[""css_state_machine__surface_deceptiveness=easy_hidden_depth=easy__seed-0""]","[""behavioral_reference""]"
css_state_machine,weird_machine,surface_deceptiveness,"{""hidden_depth"": ""easy""}",hard,1,1,1,0,1.0,[1.0],"[""css_state_machine__surface_deceptiveness=hard_hidden_depth=easy__seed-0""]","[""behavioral_reference""]"
css_state_machine,weird_machine,surface_deceptiveness,"{""hidden_depth"": ""easy""}",medium,1,1,1,0,1.0,[1.0],"[""css_state_machine__surface_deceptiveness=medium_hidden_depth=easy__seed-0""]","[""behavioral_reference""]"
css_state_machine,weird_machine,surface_deceptiveness,"{""hidden_depth"": ""hard""}",easy,1,1,1,0,1.0,[1.0],"[""css_state_machine__surface_deceptiveness=easy_hidden_depth=hard__seed-0""]","[""behavioral_reference""]"
css_state_machine,weird_machine,surface_deceptiveness,"{""hidden_depth"": ""medium""}",easy,1,1,0,1,0.0,[0.0],"[""css_state_machine__surface_deceptiveness=easy_hidden_depth=medium__seed-0""]","[""behavioral_reference""]"
epistemic_games,ml_debugging,evidence,"{""framing"": ""bare_table"", ""presentation"": ""paired"", ""prior"": ""balanced"", ""scenario"": ""report""}",ambiguous,1,1,1,0,1.0,[1.0],"[""epistemic_games__scenario=report_evidence=ambiguous_presentation=paired_prior=balanced_framing=bare_table__seed-0""]","[""behavioral_reference""]"
epistemic_games,ml_debugging,evidence,"{""framing"": ""bare_table"", ""presentation"": ""paired"", ""prior"": ""balanced"", ""scenario"": ""report""}",strong,1,1,1,0,1.0,[1.0],"[""epistemic_games__scenario=report_evidence=strong_presentation=paired_prior=balanced_framing=bare_table__seed-0""]","[""behavioral_reference""]"
epistemic_games,ml_debugging,evidence,"{""framing"": ""bare_table"", ""presentation"": ""paired"", ""prior"": ""balanced"", ""scenario"": ""report""}",weak,1,1,1,0,1.0,[1.0],"[""epistemic_games__scenario=report_evidence=weak_presentation=paired_prior=balanced_framing=bare_table__seed-0""]","[""behavioral_reference""]"
epistemic_games,ml_debugging,evidence,"{""framing"": ""bare_table"", ""presentation"": ""paired"", ""prior"": ""balanced"", ""scenario"": ""trap""}",ambiguous,1,1,1,0,1.0,[1.0],"[""epistemic_games__scenario=trap_evidence=ambiguous_presentation=paired_prior=balanced_framing=bare_table__seed-0""]","[""behavioral_reference""]"
epistemic_games,ml_debugging,evidence,"{""framing"": ""bare_table"", ""presentation"": ""paired"", ""prior"": ""skewed"", ""scenario"": ""report""}",ambiguous,1,1,1,0,1.0,[1.0],"[""epistemic_games__scenario=report_evidence=ambiguous_presentation=paired_prior=skewed_framing=bare_table__seed-0""]","[""behavioral_reference""]"
epistemic_games,ml_debugging,evidence,"{""framing"": ""bare_table"", ""presentation"": ""solo"", ""prior"": ""balanced"", ""scenario"": ""report""}",ambiguous,1,1,1,0,1.0,[1.0],"[""epistemic_games__scenario=report_evidence=ambiguous_presentation=solo_prior=balanced_framing=bare_table__seed-0""]","[""behavioral_reference""]"
epistemic_games,ml_debugging,evidence,"{""framing"": ""narrative"", ""presentation"": ""paired"", ""prior"": ""balanced"", ""scenario"": ""report""}",ambiguous,1,1,1,0,1.0,[1.0],"[""epistemic_games__scenario=report_evidence=ambiguous_presentation=paired_prior=balanced_framing=narrative__seed-0""]","[""behavioral_reference""]"
epistemic_games,ml_debugging,framing,"{""evidence"": ""ambiguous"", ""presentation"": ""paired"", ""prior"": ""balanced"", ""scenario"": ""report""}",bare_table,1,1,1,0,1.0,[1.0],"[""epistemic_games__scenario=report_evidence=ambiguous_presentation=paired_prior=balanced_framing=bare_table__seed-0""]","[""behavioral_reference""]"
epistemic_games,ml_debugging,framing,"{""evidence"": ""ambiguous"", ""presentation"": ""paired"", ""prior"": ""balanced"", ""scenario"": ""report""}",narrative,1,1,1,0,1.0,[1.0],"[""epistemic_games__scenario=report_evidence=ambiguous_presentation=paired_prior=balanced_framing=narrative__seed-0""]","[""behavioral_reference""]"
epistemic_games,ml_debugging,framing,"{""evidence"": ""ambiguous"", ""presentation"": ""paired"", ""prior"": ""balanced"", ""scenario"": ""trap""}",bare_table,1,1,1,0,1.0,[1.0],"[""epistemic_games__scenario=trap_evidence=ambiguous_presentation=paired_prior=balanced_framing=bare_table__seed-0""]","[""behavioral_reference""]"
epistemic_games,ml_debugging,framing,"{""evidence"": ""ambiguous"", ""presentation"": ""paired"", ""prior"": ""skewed"", ""scenario"": ""report""}",bare_table,1,1,1,0,1.0,[1.0],"[""epistemic_games__scenario=report_evidence=ambiguous_presentation=paired_prior=skewed_framing=bare_table__seed-0""]","[""behavioral_reference""]"
epistemic_games,ml_debugging,framing,"{""evidence"": ""ambiguous"", ""presentation"": ""solo"", ""prior"": ""balanced"", ""scenario"": ""report""}",bare_table,1,1,1,0,1.0,[1.0],"[""epistemic_games__scenario=report_evidence=ambiguous_presentation=solo_prior=balanced_framing=bare_table__seed-0""]","[""behavioral_reference""]"
epistemic_games,ml_debugging,framing,"{""evidence"": ""strong"", ""presentation"": ""paired"", ""prior"": ""balanced"", ""scenario"": ""report""}",bare_table,1,1,1,0,1.0,[1.0],"[""epistemic_games__scenario=report_evidence=strong_presentation=paired_prior=balanced_framing=bare_table__seed-0""]","[""behavioral_reference""]"
epistemic_games,ml_debugging,framing,"{""evidence"": ""weak"", ""presentation"": ""paired"", ""prior"": ""balanced"", ""scenario"": ""report""}",bare_table,1,1,1,0,1.0,[1.0],"[""epistemic_games__scenario=report_evidence=weak_presentation=paired_prior=balanced_framing=bare_table__seed-0""]","[""behavioral_reference""]"
epistemic_games,ml_debugging,presentation,"{""evidence"": ""ambiguous"", ""framing"": ""bare_table"", ""prior"": ""balanced"", ""scenario"": ""report""}",paired,1,1,1,0,1.0,[1.0],"[""epistemic_games__scenario=report_evidence=ambiguous_presentation=paired_prior=balanced_framing=bare_table__seed-0""]","[""behavioral_reference""]"
epistemic_games,ml_debugging,presentation,"{""evidence"": ""ambiguous"", ""framing"": ""bare_table"", ""prior"": ""balanced"", ""scenario"": ""report""}",solo,1,1,1,0,1.0,[1.0],"[""epistemic_games__scenario=report_evidence=ambiguous_presentation=solo_prior=balanced_framing=bare_table__seed-0""]","[""behavioral_reference""]"
epistemic_games,ml_debugging,presentation,"{""evidence"": ""ambiguous"", ""framing"": ""bare_table"", ""prior"": ""balanced"", ""scenario"": ""trap""}",paired,1,1,1,0,1.0,[1.0],"[""epistemic_games__scenario=trap_evidence=ambiguous_presentation=paired_prior=balanced_framing=bare_table__seed-0""]","[""behavioral_reference""]"
epistemic_games,ml_debugging,presentation,"{""evidence"": ""ambiguous"", ""framing"": ""bare_table"", ""prior"": ""skewed"", ""scenario"": ""report""}",paired,1,1,1,0,1.0,[1.0],"[""epistemic_games__scenario=report_evidence=ambiguous_presentation=paired_prior=skewed_framing=bare_table__seed-0""]","[""behavioral_reference""]"
epistemic_games,ml_debugging,presentation,"{""evidence"": ""ambiguous"", ""framing"": ""narrative"", ""prior"": ""balanced"", ""scenario"": ""report""}",paired,1,1,1,0,1.0,[1.0],"[""epistemic_games__scenario=report_evidence=ambiguous_presentation=paired_prior=balanced_framing=narrative__seed-0""]","[""behavioral_reference""]"
epistemic_games,ml_debugging,presentation,"{""evidence"": ""strong"", ""framing"": ""bare_table"", ""prior"": ""balanced"", ""scenario"": ""report""}",paired,1,1,1,0,1.0,[1.0],"[""epistemic_games__scenario=report_evidence=strong_presentation=paired_prior=balanced_framing=bare_table__seed-0""]","[""behavioral_reference""]"
epistemic_games,ml_debugging,presentation,"{""evidence"": ""weak"", ""framing"": ""bare_table"", ""prior"": ""balanced"", ""scenario"": ""report""}",paired,1,1,1,0,1.0,[1.0],"[""epistemic_games__scenario=report_evidence=weak_presentation=paired_prior=balanced_framing=bare_table__seed-0""]","[""behavioral_reference""]"
epistemic_games,ml_debugging,prior,"{""evidence"": ""ambiguous"", ""framing"": ""bare_table"", ""presentation"": ""paired"", ""scenario"": ""report""}",balanced,1,1,1,0,1.0,[1.0],"[""epistemic_games__scenario=report_evidence=ambiguous_presentation=paired_prior=balanced_framing=bare_table__seed-0""]","[""behavioral_reference""]"
epistemic_games,ml_debugging,prior,"{""evidence"": ""ambiguous"", ""framing"": ""bare_table"", ""presentation"": ""paired"", ""scenario"": ""report""}",skewed,1,1,1,0,1.0,[1.0],"[""epistemic_games__scenario=report_evidence=ambiguous_presentation=paired_prior=skewed_framing=bare_table__seed-0""]","[""behavioral_reference""]"
epistemic_games,ml_debugging,prior,"{""evidence"": ""ambiguous"", ""framing"": ""bare_table"", ""presentation"": ""paired"", ""scenario"": ""trap""}",balanced,1,1,1,0,1.0,[1.0],"[""epistemic_games__scenario=trap_evidence=ambiguous_presentation=paired_prior=balanced_framing=bare_table__seed-0""]","[""behavioral_reference""]"
epistemic_games,ml_debugging,prior,"{""evidence"": ""ambiguous"", ""framing"": ""bare_table"", ""presentation"": ""solo"", ""scenario"": ""report""}",balanced,1,1,1,0,1.0,[1.0],"[""epistemic_games__scenario=report_evidence=ambiguous_presentation=solo_prior=balanced_framing=bare_table__seed-0""]","[""behavioral_reference""]"
epistemic_games,ml_debugging,prior,"{""evidence"": ""ambiguous"", ""framing"": ""narrative"", ""presentation"": ""paired"", ""scenario"": ""report""}",balanced,1,1,1,0,1.0,[1.0],"[""epistemic_games__scenario=report_evidence=ambiguous_presentation=paired_prior=balanced_framing=narrative__seed-0""]","[""behavioral_reference""]"
epistemic_games,ml_debugging,prior,"{""evidence"": ""strong"", ""framing"": ""bare_table"", ""presentation"": ""paired"", ""scenario"": ""report""}",balanced,1,1,1,0,1.0,[1.0],"[""epistemic_games__scenario=report_evidence=strong_presentation=paired_prior=balanced_framing=bare_table__seed-0""]","[""behavioral_reference""]"
epistemic_games,ml_debugging,prior,"{""evidence"": ""weak"", ""framing"": ""bare_table"", ""presentation"": ""paired"", ""scenario"": ""report""}",balanced,1,1,1,0,1.0,[1.0],"[""epistemic_games__scenario=report_evidence=weak_presentation=paired_prior=balanced_framing=bare_table__seed-0""]","[""behavioral_reference""]"
epistemic_games,ml_debugging,scenario,"{""evidence"": ""ambiguous"", ""framing"": ""bare_table"", ""presentation"": ""paired"", ""prior"": ""balanced""}",report,1,1,1,0,1.0,[1.0],"[""epistemic_games__scenario=report_evidence=ambiguous_presentation=paired_prior=balanced_framing=bare_table__seed-0""]","[""behavioral_reference""]"
epistemic_games,ml_debugging,scenario,"{""evidence"": ""ambiguous"", ""framing"": ""bare_table"", ""presentation"": ""paired"", ""prior"": ""balanced""}",trap,1,1,1,0,1.0,[1.0],"[""epistemic_games__scenario=trap_evidence=ambiguous_presentation=paired_prior=balanced_framing=bare_table__seed-0""]","[""behavioral_reference""]"
epistemic_games,ml_debugging,scenario,"{""evidence"": ""ambiguous"", ""framing"": ""bare_table"", ""presentation"": ""paired"", ""prior"": ""skewed""}",report,1,1,1,0,1.0,[1.0],"[""epistemic_games__scenario=report_evidence=ambiguous_presentation=paired_prior=skewed_framing=bare_table__seed-0""]","[""behavioral_reference""]"
epistemic_games,ml_debugging,scenario,"{""evidence"": ""ambiguous"", ""framing"": ""bare_table"", ""presentation"": ""solo"", ""prior"": ""balanced""}",report,1,1,1,0,1.0,[1.0],"[""epistemic_games__scenario=report_evidence=ambiguous_presentation=solo_prior=balanced_framing=bare_table__seed-0""]","[""behavioral_reference""]"
epistemic_games,ml_debugging,scenario,"{""evidence"": ""ambiguous"", ""framing"": ""narrative"", ""presentation"": ""paired"", ""prior"": ""balanced""}",report,1,1,1,0,1.0,[1.0],"[""epistemic_games__scenario=report_evidence=ambiguous_presentation=paired_prior=balanced_framing=narrative__seed-0""]","[""behavioral_reference""]"
epistemic_games,ml_debugging,scenario,"{""evidence"": ""strong"", ""framing"": ""bare_table"", ""presentation"": ""paired"", ""prior"": ""balanced""}",report,1,1,1,0,1.0,[1.0],"[""epistemic_games__scenario=report_evidence=strong_presentation=paired_prior=balanced_framing=bare_table__seed-0""]","[""behavioral_reference""]"
epistemic_games,ml_debugging,scenario,"{""evidence"": ""weak"", ""framing"": ""bare_table"", ""presentation"": ""paired"", ""prior"": ""balanced""}",report,1,1,1,0,1.0,[1.0],"[""epistemic_games__scenario=report_evidence=weak_presentation=paired_prior=balanced_framing=bare_table__seed-0""]","[""behavioral_reference""]"
equivariant_diagram,category_theoretic_compositional,naming,"{""symptom_mask"": ""easy""}",easy,1,1,1,0,1.0,[1.0],"[""equivariant_diagram__naming=easy_symptom_mask=easy__seed-0""]","[""compile_only""]"
equivariant_diagram,category_theoretic_compositional,naming,"{""symptom_mask"": ""easy""}",hard,1,1,1,0,1.0,[1.0],"[""equivariant_diagram__naming=hard_symptom_mask=easy__seed-0""]","[""compile_only""]"
equivariant_diagram,category_theoretic_compositional,naming,"{""symptom_mask"": ""easy""}",medium,1,1,1,0,1.0,[1.0],"[""equivariant_diagram__naming=medium_symptom_mask=easy__seed-0""]","[""compile_only""]"
equivariant_diagram,category_theoretic_compositional,naming,"{""symptom_mask"": ""hard""}",easy,1,1,1,0,1.0,[1.0],"[""equivariant_diagram__naming=easy_symptom_mask=hard__seed-0""]","[""compile_only""]"
equivariant_diagram,category_theoretic_compositional,naming,"{""symptom_mask"": ""medium""}",easy,1,1,1,0,1.0,[1.0],"[""equivariant_diagram__naming=easy_symptom_mask=medium__seed-0""]","[""compile_only""]"
equivariant_diagram,category_theoretic_compositional,symptom_mask,"{""naming"": ""easy""}",easy,1,1,1,0,1.0,[1.0],"[""equivariant_diagram__naming=easy_symptom_mask=easy__seed-0""]","[""compile_only""]"
equivariant_diagram,category_theoretic_compositional,symptom_mask,"{""naming"": ""easy""}",hard,1,1,1,0,1.0,[1.0],"[""equivariant_diagram__naming=easy_symptom_mask=hard__seed-0""]","[""compile_only""]"
equivariant_diagram,category_theoretic_compositional,symptom_mask,"{""naming"": ""easy""}",medium,1,1,1,0,1.0,[1.0],"[""equivariant_diagram__naming=easy_symptom_mask=medium__seed-0""]","[""compile_only""]"
equivariant_diagram,category_theoretic_compositional,symptom_mask,"{""naming"": ""hard""}",easy,1,1,1,0,1.0,[1.0],"[""equivariant_diagram__naming=hard_symptom_mask=easy__seed-0""]","[""compile_only""]"
equivariant_diagram,category_theoretic_compositional,symptom_mask,"{""naming"": ""medium""}",easy,1,1,1,0,1.0,[1.0],"[""equivariant_diagram__naming=medium_symptom_mask=easy__seed-0""]","[""compile_only""]"
functorial_augmentation,category_theoretic_compositional,naming,"{""symptom_mask"": ""easy""}",easy,1,1,0,1,0.0,[0.416667],"[""functorial_augmentation__naming=easy_symptom_mask=easy__seed-0""]","[""compile_only""]"
functorial_augmentation,category_theoretic_compositional,naming,"{""symptom_mask"": ""easy""}",hard,1,1,0,1,0.0,[0.416667],"[""functorial_augmentation__naming=hard_symptom_mask=easy__seed-0""]","[""compile_only""]"
functorial_augmentation,category_theoretic_compositional,naming,"{""symptom_mask"": ""easy""}",medium,1,1,0,1,0.0,[0.416667],"[""functorial_augmentation__naming=medium_symptom_mask=easy__seed-0""]","[""compile_only""]"
functorial_augmentation,category_theoretic_compositional,naming,"{""symptom_mask"": ""hard""}",easy,1,1,1,0,1.0,[1.0],"[""functorial_augmentation__naming=easy_symptom_mask=hard__seed-0""]","[""compile_only""]"
functorial_augmentation,category_theoretic_compositional,naming,"{""symptom_mask"": ""medium""}",easy,1,1,1,0,1.0,[1.0],"[""functorial_augmentation__naming=easy_symptom_mask=medium__seed-0""]","[""compile_only""]"
functorial_augmentation,category_theoretic_compositional,symptom_mask,"{""naming"": ""easy""}",easy,1,1,0,1,0.0,[0.416667],"[""functorial_augmentation__naming=easy_symptom_mask=easy__seed-0""]","[""compile_only""]"
functorial_augmentation,category_theoretic_compositional,symptom_mask,"{""naming"": ""easy""}",hard,1,1,1,0,1.0,[1.0],"[""functorial_augmentation__naming=easy_symptom_mask=hard__seed-0""]","[""compile_only""]"
functorial_augmentation,category_theoretic_compositional,symptom_mask,"{""naming"": ""easy""}",medium,1,1,1,0,1.0,[1.0],"[""functorial_augmentation__naming=easy_symptom_mask=medium__seed-0""]","[""compile_only""]"
functorial_augmentation,category_theoretic_compositional,symptom_mask,"{""naming"": ""hard""}",easy,1,1,0,1,0.0,[0.416667],"[""functorial_augmentation__naming=hard_symptom_mask=easy__seed-0""]","[""compile_only""]"
functorial_augmentation,category_theoretic_compositional,symptom_mask,"{""naming"": ""medium""}",easy,1,1,0,1,0.0,[0.416667],"[""functorial_augmentation__naming=medium_symptom_mask=easy__seed-0""]","[""compile_only""]"
glyph,ml_debugging,architecture,"{""data_clue"": ""easy"", ""optimizer"": ""easy"", ""red_herring"": ""easy"", ""symptom_mask"": ""easy"", ""visible_tests"": ""easy""}",easy,1,1,0,1,0.0,[0.0],"[""glyph__architecture=easy_optimizer=easy_red_herring=easy_visible_tests=easy_data_clue=easy_symptom_mask=easy__seed-0""]","[""behavioral_reference""]"
glyph,ml_debugging,architecture,"{""data_clue"": ""easy"", ""optimizer"": ""easy"", ""red_herring"": ""easy"", ""symptom_mask"": ""easy"", ""visible_tests"": ""easy""}",medium,1,1,0,1,0.0,[0.0],"[""glyph__architecture=medium_optimizer=easy_red_herring=easy_visible_tests=easy_data_clue=easy_symptom_mask=easy__seed-0""]","[""behavioral_reference""]"
glyph,ml_debugging,architecture,"{""data_clue"": ""easy"", ""optimizer"": ""easy"", ""red_herring"": ""easy"", ""symptom_mask"": ""easy"", ""visible_tests"": ""hard""}",easy,1,1,0,1,0.0,[0.0],"[""glyph__architecture=easy_optimizer=easy_red_herring=easy_visible_tests=hard_data_clue=easy_symptom_mask=easy__seed-0""]","[""behavioral_reference""]"
glyph,ml_debugging,architecture,"{""data_clue"": ""easy"", ""optimizer"": ""easy"", ""red_herring"": ""easy"", ""symptom_mask"": ""easy"", ""visible_tests"": ""medium""}",easy,1,1,0,1,0.0,[0.0],"[""glyph__architecture=easy_optimizer=easy_red_herring=easy_visible_tests=medium_data_clue=easy_symptom_mask=easy__seed-0""]","[""behavioral_reference""]"
glyph,ml_debugging,architecture,"{""data_clue"": ""easy"", ""optimizer"": ""easy"", ""red_herring"": ""easy"", ""symptom_mask"": ""medium"", ""visible_tests"": ""easy""}",easy,1,1,0,1,0.0,[0.0],"[""glyph__architecture=easy_optimizer=easy_red_herring=easy_visible_tests=easy_data_clue=easy_symptom_mask=medium__seed-0""]","[""behavioral_reference""]"
glyph,ml_debugging,architecture,"{""data_clue"": ""easy"", ""optimizer"": ""easy"", ""red_herring"": ""medium"", ""symptom_mask"": ""easy"", ""visible_tests"": ""easy""}",easy,1,1,0,1,0.0,[0.0],"[""glyph__architecture=easy_optimizer=easy_red_herring=medium_visible_tests=easy_data_clue=easy_symptom_mask=easy__seed-0""]","[""behavioral_reference""]"
glyph,ml_debugging,architecture,"{""data_clue"": ""hard"", ""optimizer"": ""easy"", ""red_herring"": ""easy"", ""symptom_mask"": ""easy"", ""visible_tests"": ""easy""}",easy,1,1,0,1,0.0,[0.0],"[""glyph__architecture=easy_optimizer=easy_red_herring=easy_visible_tests=easy_data_clue=hard_symptom_mask=easy__seed-0""]","[""behavioral_reference""]"
glyph,ml_debugging,architecture,"{""data_clue"": ""medium"", ""optimizer"": ""easy"", ""red_herring"": ""easy"", ""symptom_mask"": ""easy"", ""visible_tests"": ""easy""}",easy,1,1,0,1,0.0,[0.0],"[""glyph__architecture=easy_optimizer=easy_red_herring=easy_visible_tests=easy_data_clue=medium_symptom_mask=easy__seed-0""]","[""behavioral_reference""]"
glyph,ml_debugging,data_clue,"{""architecture"": ""easy"", ""optimizer"": ""easy"", ""red_herring"": ""easy"", ""symptom_mask"": ""easy"", ""visible_tests"": ""easy""}",easy,1,1,0,1,0.0,[0.0],"[""glyph__architecture=easy_optimizer=easy_red_herring=easy_visible_tests=easy_data_clue=easy_symptom_mask=easy__seed-0""]","[""behavioral_reference""]"
glyph,ml_debugging,data_clue,"{""architecture"": ""easy"", ""optimizer"": ""easy"", ""red_herring"": ""easy"", ""symptom_mask"": ""easy"", ""visible_tests"": ""easy""}",hard,1,1,0,1,0.0,[0.0],"[""glyph__architecture=easy_optimizer=easy_red_herring=easy_visible_tests=easy_data_clue=hard_symptom_mask=easy__seed-0""]","[""behavioral_reference""]"
glyph,ml_debugging,data_clue,"{""architecture"": ""easy"", ""optimizer"": ""easy"", ""red_herring"": ""easy"", ""symptom_mask"": ""easy"", ""visible_tests"": ""easy""}",medium,1,1,0,1,0.0,[0.0],"[""glyph__architecture=easy_optimizer=easy_red_herring=easy_visible_tests=easy_data_clue=medium_symptom_mask=easy__seed-0""]","[""behavioral_reference""]"
glyph,ml_debugging,data_clue,"{""architecture"": ""easy"", ""optimizer"": ""easy"", ""red_herring"": ""easy"", ""symptom_mask"": ""easy"", ""visible_tests"": ""hard""}",easy,1,1,0,1,0.0,[0.0],"[""glyph__architecture=easy_optimizer=easy_red_herring=easy_visible_tests=hard_data_clue=easy_symptom_mask=easy__seed-0""]","[""behavioral_reference""]"
glyph,ml_debugging,data_clue,"{""architecture"": ""easy"", ""optimizer"": ""easy"", ""red_herring"": ""easy"", ""symptom_mask"": ""easy"", ""visible_tests"": ""medium""}",easy,1,1,0,1,0.0,[0.0],"[""glyph__architecture=easy_optimizer=easy_red_herring=easy_visible_tests=medium_data_clue=easy_symptom_mask=easy__seed-0""]","[""behavioral_reference""]"
glyph,ml_debugging,data_clue,"{""architecture"": ""easy"", ""optimizer"": ""easy"", ""red_herring"": ""easy"", ""symptom_mask"": ""medium"", ""visible_tests"": ""easy""}",easy,1,1,0,1,0.0,[0.0],"[""glyph__architecture=easy_optimizer=easy_red_herring=easy_visible_tests=easy_data_clue=easy_symptom_mask=medium__seed-0""]","[""behavioral_reference""]"
glyph,ml_debugging,data_clue,"{""architecture"": ""easy"", ""optimizer"": ""easy"", ""red_herring"": ""medium"", ""symptom_mask"": ""easy"", ""visible_tests"": ""easy""}",easy,1,1,0,1,0.0,[0.0],"[""glyph__architecture=easy_optimizer=easy_red_herring=medium_visible_tests=easy_data_clue=easy_symptom_mask=easy__seed-0""]","[""behavioral_reference""]"
glyph,ml_debugging,data_clue,"{""architecture"": ""medium"", ""optimizer"": ""easy"", ""red_herring"": ""easy"", ""symptom_mask"": ""easy"", ""visible_tests"": ""easy""}",easy,1,1,0,1,0.0,[0.0],"[""glyph__architecture=medium_optimizer=easy_red_herring=easy_visible_tests=easy_data_clue=easy_symptom_mask=easy__seed-0""]","[""behavioral_reference""]"
glyph,ml_debugging,optimizer,"{""architecture"": ""easy"", ""data_clue"": ""easy"", ""red_herring"": ""easy"", ""symptom_mask"": ""easy"", ""visible_tests"": ""easy""}",easy,1,1,0,1,0.0,[0.0],"[""glyph__architecture=easy_optimizer=easy_red_herring=easy_visible_tests=easy_data_clue=easy_symptom_mask=easy__seed-0""]","[""behavioral_reference""]"
glyph,ml_debugging,optimizer,"{""architecture"": ""easy"", ""data_clue"": ""easy"", ""red_herring"": ""easy"", ""symptom_mask"": ""easy"", ""visible_tests"": ""hard""}",easy,1,1,0,1,0.0,[0.0],"[""glyph__architecture=easy_optimizer=easy_red_herring=easy_visible_tests=hard_data_clue=easy_symptom_mask=easy__seed-0""]","[""behavioral_reference""]"
glyph,ml_debugging,optimizer,"{""architecture"": ""easy"", ""data_clue"": ""easy"", ""red_herring"": ""easy"", ""symptom_mask"": ""easy"", ""visible_tests"": ""medium""}",easy,1,1,0,1,0.0,[0.0],"[""glyph__architecture=easy_optimizer=easy_red_herring=easy_visible_tests=medium_data_clue=easy_symptom_mask=easy__seed-0""]","[""behavioral_reference""]"
glyph,ml_debugging,optimizer,"{""architecture"": ""easy"", ""data_clue"": ""easy"", ""red_herring"": ""easy"", ""symptom_mask"": ""medium"", ""visible_tests"": ""easy""}",easy,1,1,0,1,0.0,[0.0],"[""glyph__architecture=easy_optimizer=easy_red_herring=easy_visible_tests=easy_data_clue=easy_symptom_mask=medium__seed-0""]","[""behavioral_reference""]"
glyph,ml_debugging,optimizer,"{""architecture"": ""easy"", ""data_clue"": ""easy"", ""red_herring"": ""medium"", ""symptom_mask"": ""easy"", ""visible_tests"": ""easy""}",easy,1,1,0,1,0.0,[0.0],"[""glyph__architecture=easy_optimizer=easy_red_herring=medium_visible_tests=easy_data_clue=easy_symptom_mask=easy__seed-0""]","[""behavioral_reference""]"
glyph,ml_debugging,optimizer,"{""architecture"": ""easy"", ""data_clue"": ""hard"", ""red_herring"": ""easy"", ""symptom_mask"": ""easy"", ""visible_tests"": ""easy""}",easy,1,1,0,1,0.0,[0.0],"[""glyph__architecture=easy_optimizer=easy_red_herring=easy_visible_tests=easy_data_clue=hard_symptom_mask=easy__seed-0""]","[""behavioral_reference""]"
glyph,ml_debugging,optimizer,"{""architecture"": ""easy"", ""data_clue"": ""medium"", ""red_herring"": ""easy"", ""symptom_mask"": ""easy"", ""visible_tests"": ""easy""}",easy,1,1,0,1,0.0,[0.0],"[""glyph__architecture=easy_optimizer=easy_red_herring=easy_visible_tests=easy_data_clue=medium_symptom_mask=easy__seed-0""]","[""behavioral_reference""]"
glyph,ml_debugging,optimizer,"{""architecture"": ""medium"", ""data_clue"": ""easy"", ""red_herring"": ""easy"", ""symptom_mask"": ""easy"", ""visible_tests"": ""easy""}",easy,1,1,0,1,0.0,[0.0],"[""glyph__architecture=medium_optimizer=easy_red_herring=easy_visible_tests=easy_data_clue=easy_symptom_mask=easy__seed-0""]","[""behavioral_reference""]"
glyph,ml_debugging,red_herring,"{""architecture"": ""easy"", ""data_clue"": ""easy"", ""optimizer"": ""easy"", ""symptom_mask"": ""easy"", ""visible_tests"": ""easy""}",easy,1,1,0,1,0.0,[0.0],"[""glyph__architecture=easy_optimizer=easy_red_herring=easy_visible_tests=easy_data_clue=easy_symptom_mask=easy__seed-0""]","[""behavioral_reference""]"
glyph,ml_debugging,red_herring,"{""architecture"": ""easy"", ""data_clue"": ""easy"", ""optimizer"": ""easy"", ""symptom_mask"": ""easy"", ""visible_tests"": ""easy""}",medium,1,1,0,1,0.0,[0.0],"[""glyph__architecture=easy_optimizer=easy_red_herring=medium_visible_tests=easy_data_clue=easy_symptom_mask=easy__seed-0""]","[""behavioral_reference""]"
glyph,ml_debugging,red_herring,"{""architecture"": ""easy"", ""data_clue"": ""easy"", ""optimizer"": ""easy"", ""symptom_mask"": ""easy"", ""visible_tests"": ""hard""}",easy,1,1,0,1,0.0,[0.0],"[""glyph__architecture=easy_optimizer=easy_red_herring=easy_visible_tests=hard_data_clue=easy_symptom_mask=easy__seed-0""]","[""behavioral_reference""]"
glyph,ml_debugging,red_herring,"{""architecture"": ""easy"", ""data_clue"": ""easy"", ""optimizer"": ""easy"", ""symptom_mask"": ""easy"", ""visible_tests"": ""medium""}",easy,1,1,0,1,0.0,[0.0],"[""glyph__architecture=easy_optimizer=easy_red_herring=easy_visible_tests=medium_data_clue=easy_symptom_mask=easy__seed-0""]","[""behavioral_reference""]"
glyph,ml_debugging,red_herring,"{""architecture"": ""easy"", ""data_clue"": ""easy"", ""optimizer"": ""easy"", ""symptom_mask"": ""medium"", ""visible_tests"": ""easy""}",easy,1,1,0,1,0.0,[0.0],"[""glyph__architecture=easy_optimizer=easy_red_herring=easy_visible_tests=easy_data_clue=easy_symptom_mask=medium__seed-0""]","[""behavioral_reference""]"
glyph,ml_debugging,red_herring,"{""architecture"": ""easy"", ""data_clue"": ""hard"", ""optimizer"": ""easy"", ""symptom_mask"": ""easy"", ""visible_tests"": ""easy""}",easy,1,1,0,1,0.0,[0.0],"[""glyph__architecture=easy_optimizer=easy_red_herring=easy_visible_tests=easy_data_clue=hard_symptom_mask=easy__seed-0""]","[""behavioral_reference""]"
glyph,ml_debugging,red_herring,"{""architecture"": ""easy"", ""data_clue"": ""medium"", ""optimizer"": ""easy"", ""symptom_mask"": ""easy"", ""visible_tests"": ""easy""}",easy,1,1,0,1,0.0,[0.0],"[""glyph__architecture=easy_optimizer=easy_red_herring=easy_visible_tests=easy_data_clue=medium_symptom_mask=easy__seed-0""]","[""behavioral_reference""]"
glyph,ml_debugging,red_herring,"{""architecture"": ""medium"", ""data_clue"": ""easy"", ""optimizer"": ""easy"", ""symptom_mask"": ""easy"", ""visible_tests"": ""easy""}",easy,1,1,0,1,0.0,[0.0],"[""glyph__architecture=medium_optimizer=easy_red_herring=easy_visible_tests=easy_data_clue=easy_symptom_mask=easy__seed-0""]","[""behavioral_reference""]"
glyph,ml_debugging,symptom_mask,"{""architecture"": ""easy"", ""data_clue"": ""easy"", ""optimizer"": ""easy"", ""red_herring"": ""easy"", ""visible_tests"": ""easy""}",easy,1,1,0,1,0.0,[0.0],"[""glyph__architecture=easy_optimizer=easy_red_herring=easy_visible_tests=easy_data_clue=easy_symptom_mask=easy__seed-0""]","[""behavioral_reference""]"
glyph,ml_debugging,symptom_mask,"{""architecture"": ""easy"", ""data_clue"": ""easy"", ""optimizer"": ""easy"", ""red_herring"": ""easy"", ""visible_tests"": ""easy""}",medium,1,1,0,1,0.0,[0.0],"[""glyph__architecture=easy_optimizer=easy_red_herring=easy_visible_tests=easy_data_clue=easy_symptom_mask=medium__seed-0""]","[""behavioral_reference""]"
glyph,ml_debugging,symptom_mask,"{""architecture"": ""easy"", ""data_clue"": ""easy"", ""optimizer"": ""easy"", ""red_herring"": ""easy"", ""visible_tests"": ""hard""}",easy,1,1,0,1,0.0,[0.0],"[""glyph__architecture=easy_optimizer=easy_red_herring=easy_visible_tests=hard_data_clue=easy_symptom_mask=easy__seed-0""]","[""behavioral_reference""]"
glyph,ml_debugging,symptom_mask,"{""architecture"": ""easy"", ""data_clue"": ""easy"", ""optimizer"": ""easy"", ""red_herring"": ""easy"", ""visible_tests"": ""medium""}",easy,1,1,0,1,0.0,[0.0],"[""glyph__architecture=easy_optimizer=easy_red_herring=easy_visible_tests=medium_data_clue=easy_symptom_mask=easy__seed-0""]","[""behavioral_reference""]"
glyph,ml_debugging,symptom_mask,"{""architecture"": ""easy"", ""data_clue"": ""easy"", ""optimizer"": ""easy"", ""red_herring"": ""medium"", ""visible_tests"": ""easy""}",easy,1,1,0,1,0.0,[0.0],"[""glyph__architecture=easy_optimizer=easy_red_herring=medium_visible_tests=easy_data_clue=easy_symptom_mask=easy__seed-0""]","[""behavioral_reference""]"
glyph,ml_debugging,symptom_mask,"{""architecture"": ""easy"", ""data_clue"": ""hard"", ""optimizer"": ""easy"", ""red_herring"": ""easy"", ""visible_tests"": ""easy""}",easy,1,1,0,1,0.0,[0.0],"[""glyph__architecture=easy_optimizer=easy_red_herring=easy_visible_tests=easy_data_clue=hard_symptom_mask=easy__seed-0""]","[""behavioral_reference""]"
glyph,ml_debugging,symptom_mask,"{""architecture"": ""easy"", ""data_clue"": ""medium"", ""optimizer"": ""easy"", ""red_herring"": ""easy"", ""visible_tests"": ""easy""}",easy,1,1,0,1,0.0,[0.0],"[""glyph__architecture=easy_optimizer=easy_red_herring=easy_visible_tests=easy_data_clue=medium_symptom_mask=easy__seed-0""]","[""behavioral_reference""]"
glyph,ml_debugging,symptom_mask,"{""architecture"": ""medium"", ""data_clue"": ""easy"", ""optimizer"": ""easy"", ""red_herring"": ""easy"", ""visible_tests"": ""easy""}",easy,1,1,0,1,0.0,[0.0],"[""glyph__architecture=medium_optimizer=easy_red_herring=easy_visible_tests=easy_data_clue=easy_symptom_mask=easy__seed-0""]","[""behavioral_reference""]"
glyph,ml_debugging,visible_tests,"{""architecture"": ""easy"", ""data_clue"": ""easy"", ""optimizer"": ""easy"", ""red_herring"": ""easy"", ""symptom_mask"": ""easy""}",easy,1,1,0,1,0.0,[0.0],"[""glyph__architecture=easy_optimizer=easy_red_herring=easy_visible_tests=easy_data_clue=easy_symptom_mask=easy__seed-0""]","[""behavioral_reference""]"
glyph,ml_debugging,visible_tests,"{""architecture"": ""easy"", ""data_clue"": ""easy"", ""optimizer"": ""easy"", ""red_herring"": ""easy"", ""symptom_mask"": ""easy""}",hard,1,1,0,1,0.0,[0.0],"[""glyph__architecture=easy_optimizer=easy_red_herring=easy_visible_tests=hard_data_clue=easy_symptom_mask=easy__seed-0""]","[""behavioral_reference""]"
glyph,ml_debugging,visible_tests,"{""architecture"": ""easy"", ""data_clue"": ""easy"", ""optimizer"": ""easy"", ""red_herring"": ""easy"", ""symptom_mask"": ""easy""}",medium,1,1,0,1,0.0,[0.0],"[""glyph__architecture=easy_optimizer=easy_red_herring=easy_visible_tests=medium_data_clue=easy_symptom_mask=easy__seed-0""]","[""behavioral_reference""]"
glyph,ml_debugging,visible_tests,"{""architecture"": ""easy"", ""data_clue"": ""easy"", ""optimizer"": ""easy"", ""red_herring"": ""easy"", ""symptom_mask"": ""medium""}",easy,1,1,0,1,0.0,[0.0],"[""glyph__architecture=easy_optimizer=easy_red_herring=easy_visible_tests=easy_data_clue=easy_symptom_mask=medium__seed-0""]","[""behavioral_reference""]"
glyph,ml_debugging,visible_tests,"{""architecture"": ""easy"", ""data_clue"": ""easy"", ""optimizer"": ""easy"", ""red_herring"": ""medium"", ""symptom_mask"": ""easy""}",easy,1,1,0,1,0.0,[0.0],"[""glyph__architecture=easy_optimizer=easy_red_herring=medium_visible_tests=easy_data_clue=easy_symptom_mask=easy__seed-0""]","[""behavioral_reference""]"
glyph,ml_debugging,visible_tests,"{""architecture"": ""easy"", ""data_clue"": ""hard"", ""optimizer"": ""easy"", ""red_herring"": ""easy"", ""symptom_mask"": ""easy""}",easy,1,1,0,1,0.0,[0.0],"[""glyph__architecture=easy_optimizer=easy_red_herring=easy_visible_tests=easy_data_clue=hard_symptom_mask=easy__seed-0""]","[""behavioral_reference""]"
glyph,ml_debugging,visible_tests,"{""architecture"": ""easy"", ""data_clue"": ""medium"", ""optimizer"": ""easy"", ""red_herring"": ""easy"", ""symptom_mask"": ""easy""}",easy,1,1,0,1,0.0,[0.0],"[""glyph__architecture=easy_optimizer=easy_red_herring=easy_visible_tests=easy_data_clue=medium_symptom_mask=easy__seed-0""]","[""behavioral_reference""]"
glyph,ml_debugging,visible_tests,"{""architecture"": ""medium"", ""data_clue"": ""easy"", ""optimizer"": ""easy"", ""red_herring"": ""easy"", ""symptom_mask"": ""easy""}",easy,1,1,0,1,0.0,[0.0],"[""glyph__architecture=medium_optimizer=easy_red_herring=easy_visible_tests=easy_data_clue=easy_symptom_mask=easy__seed-0""]","[""behavioral_reference""]"
gnn_message_passing,category_theoretic_compositional,naming,"{""symptom_mask"": ""easy""}",easy,1,1,0,1,0.0,[0.416667],"[""gnn_message_passing__naming=easy_symptom_mask=easy__seed-0""]","[""compile_only""]"
gnn_message_passing,category_theoretic_compositional,naming,"{""symptom_mask"": ""easy""}",hard,1,1,0,1,0.0,[0.416667],"[""gnn_message_passing__naming=hard_symptom_mask=easy__seed-0""]","[""compile_only""]"
gnn_message_passing,category_theoretic_compositional,naming,"{""symptom_mask"": ""easy""}",medium,1,1,0,1,0.0,[0.416667],"[""gnn_message_passing__naming=medium_symptom_mask=easy__seed-0""]","[""compile_only""]"
gnn_message_passing,category_theoretic_compositional,naming,"{""symptom_mask"": ""hard""}",easy,1,1,0,1,0.0,[0.416667],"[""gnn_message_passing__naming=easy_symptom_mask=hard__seed-0""]","[""compile_only""]"
gnn_message_passing,category_theoretic_compositional,naming,"{""symptom_mask"": ""medium""}",easy,1,1,0,1,0.0,[0.416667],"[""gnn_message_passing__naming=easy_symptom_mask=medium__seed-0""]","[""compile_only""]"
gnn_message_passing,category_theoretic_compositional,symptom_mask,"{""naming"": ""easy""}",easy,1,1,0,1,0.0,[0.416667],"[""gnn_message_passing__naming=easy_symptom_mask=easy__seed-0""]","[""compile_only""]"
gnn_message_passing,category_theoretic_compositional,symptom_mask,"{""naming"": ""easy""}",hard,1,1,0,1,0.0,[0.416667],"[""gnn_message_passing__naming=easy_symptom_mask=hard__seed-0""]","[""compile_only""]"
gnn_message_passing,category_theoretic_compositional,symptom_mask,"{""naming"": ""easy""}",medium,1,1,0,1,0.0,[0.416667],"[""gnn_message_passing__naming=easy_symptom_mask=medium__seed-0""]","[""compile_only""]"
gnn_message_passing,category_theoretic_compositional,symptom_mask,"{""naming"": ""hard""}",easy,1,1,0,1,0.0,[0.416667],"[""gnn_message_passing__naming=hard_symptom_mask=easy__seed-0""]","[""compile_only""]"
gnn_message_passing,category_theoretic_compositional,symptom_mask,"{""naming"": ""medium""}",easy,1,1,0,1,0.0,[0.416667],"[""gnn_message_passing__naming=medium_symptom_mask=easy__seed-0""]","[""compile_only""]"
moco,ml_debugging,distractors,"{""naming"": ""easy"", ""queue_math"": ""easy"", ""symptom_mask"": ""easy"", ""temperature"": ""easy"", ""visible_tests"": ""easy""}",easy,1,1,1,0,1.0,[1.0],"[""moco__naming=easy_distractors=easy_queue_math=easy_temperature=easy_visible_tests=easy_symptom_mask=easy__seed-0""]","[""behavioral_reference""]"
moco,ml_debugging,distractors,"{""naming"": ""easy"", ""queue_math"": ""easy"", ""symptom_mask"": ""easy"", ""temperature"": ""easy"", ""visible_tests"": ""easy""}",hard,1,1,1,0,1.0,[1.0],"[""moco__naming=easy_distractors=hard_queue_math=easy_temperature=easy_visible_tests=easy_symptom_mask=easy__seed-0""]","[""behavioral_reference""]"
moco,ml_debugging,distractors,"{""naming"": ""easy"", ""queue_math"": ""easy"", ""symptom_mask"": ""easy"", ""temperature"": ""easy"", ""visible_tests"": ""easy""}",medium,1,1,1,0,1.0,[1.0],"[""moco__naming=easy_distractors=medium_queue_math=easy_temperature=easy_visible_tests=easy_symptom_mask=easy__seed-0""]","[""behavioral_reference""]"
moco,ml_debugging,distractors,"{""naming"": ""easy"", ""queue_math"": ""easy"", ""symptom_mask"": ""easy"", ""temperature"": ""easy"", ""visible_tests"": ""hard""}",easy,1,1,1,0,1.0,[1.0],"[""moco__naming=easy_distractors=easy_queue_math=easy_temperature=easy_visible_tests=hard_symptom_mask=easy__seed-0""]","[""behavioral_reference""]"
moco,ml_debugging,distractors,"{""naming"": ""easy"", ""queue_math"": ""easy"", ""symptom_mask"": ""easy"", ""temperature"": ""easy"", ""visible_tests"": ""medium""}",easy,1,1,0,1,0.0,[0.95],"[""moco__naming=easy_distractors=easy_queue_math=easy_temperature=easy_visible_tests=medium_symptom_mask=easy__seed-0""]","[""behavioral_reference""]"
moco,ml_debugging,distractors,"{""naming"": ""easy"", ""queue_math"": ""easy"", ""symptom_mask"": ""easy"", ""temperature"": ""hard"", ""visible_tests"": ""easy""}",easy,1,1,1,0,1.0,[1.0],"[""moco__naming=easy_distractors=easy_queue_math=easy_temperature=hard_visible_tests=easy_symptom_mask=easy__seed-0""]","[""behavioral_reference""]"
moco,ml_debugging,distractors,"{""naming"": ""easy"", ""queue_math"": ""easy"", ""symptom_mask"": ""easy"", ""temperature"": ""medium"", ""visible_tests"": ""easy""}",easy,1,1,1,0,1.0,[1.0],"[""moco__naming=easy_distractors=easy_queue_math=easy_temperature=medium_visible_tests=easy_symptom_mask=easy__seed-0""]","[""behavioral_reference""]"
moco,ml_debugging,distractors,"{""naming"": ""easy"", ""queue_math"": ""easy"", ""symptom_mask"": ""hard"", ""temperature"": ""easy"", ""visible_tests"": ""easy""}",easy,1,1,0,1,0.0,[0.0],"[""moco__naming=easy_distractors=easy_queue_math=easy_temperature=easy_visible_tests=easy_symptom_mask=hard__seed-0""]","[""behavioral_reference""]"
moco,ml_debugging,distractors,"{""naming"": ""easy"", ""queue_math"": ""easy"", ""symptom_mask"": ""medium"", ""temperature"": ""easy"", ""visible_tests"": ""easy""}",easy,1,1,1,0,1.0,[1.0],"[""moco__naming=easy_distractors=easy_queue_math=easy_temperature=easy_visible_tests=easy_symptom_mask=medium__seed-0""]","[""behavioral_reference""]"
moco,ml_debugging,distractors,"{""naming"": ""easy"", ""queue_math"": ""hard"", ""symptom_mask"": ""easy"", ""temperature"": ""easy"", ""visible_tests"": ""easy""}",easy,1,1,1,0,1.0,[1.0],"[""moco__naming=easy_distractors=easy_queue_math=hard_temperature=easy_visible_tests=easy_symptom_mask=easy__seed-0""]","[""behavioral_reference""]"
moco,ml_debugging,distractors,"{""naming"": ""easy"", ""queue_math"": ""medium"", ""symptom_mask"": ""easy"", ""temperature"": ""easy"", ""visible_tests"": ""easy""}",easy,1,1,1,0,1.0,[1.0],"[""moco__naming=easy_distractors=easy_queue_math=medium_temperature=easy_visible_tests=easy_symptom_mask=easy__seed-0""]","[""behavioral_reference""]"
moco,ml_debugging,naming,"{""distractors"": ""easy"", ""queue_math"": ""easy"", ""symptom_mask"": ""easy"", ""temperature"": ""easy"", ""visible_tests"": ""easy""}",easy,1,1,1,0,1.0,[1.0],"[""moco__naming=easy_distractors=easy_queue_math=easy_temperature=easy_visible_tests=easy_symptom_mask=easy__seed-0""]","[""behavioral_reference""]"
moco,ml_debugging,naming,"{""distractors"": ""easy"", ""queue_math"": ""easy"", ""symptom_mask"": ""easy"", ""temperature"": ""easy"", ""visible_tests"": ""hard""}",easy,1,1,1,0,1.0,[1.0],"[""moco__naming=easy_distractors=easy_queue_math=easy_temperature=easy_visible_tests=hard_symptom_mask=easy__seed-0""]","[""behavioral_reference""]"
moco,ml_debugging,naming,"{""distractors"": ""easy"", ""queue_math"": ""easy"", ""symptom_mask"": ""easy"", ""temperature"": ""easy"", ""visible_tests"": ""medium""}",easy,1,1,0,1,0.0,[0.95],"[""moco__naming=easy_distractors=easy_queue_math=easy_temperature=easy_visible_tests=medium_symptom_mask=easy__seed-0""]","[""behavioral_reference""]"
moco,ml_debugging,naming,"{""distractors"": ""easy"", ""queue_math"": ""easy"", ""symptom_mask"": ""easy"", ""temperature"": ""hard"", ""visible_tests"": ""easy""}",easy,1,1,1,0,1.0,[1.0],"[""moco__naming=easy_distractors=easy_queue_math=easy_temperature=hard_visible_tests=easy_symptom_mask=easy__seed-0""]","[""behavioral_reference""]"
moco,ml_debugging,naming,"{""distractors"": ""easy"", ""queue_math"": ""easy"", ""symptom_mask"": ""easy"", ""temperature"": ""medium"", ""visible_tests"": ""easy""}",easy,1,1,1,0,1.0,[1.0],"[""moco__naming=easy_distractors=easy_queue_math=easy_temperature=medium_visible_tests=easy_symptom_mask=easy__seed-0""]","[""behavioral_reference""]"
moco,ml_debugging,naming,"{""distractors"": ""easy"", ""queue_math"": ""easy"", ""symptom_mask"": ""hard"", ""temperature"": ""easy"", ""visible_tests"": ""easy""}",easy,1,1,0,1,0.0,[0.0],"[""moco__naming=easy_distractors=easy_queue_math=easy_temperature=easy_visible_tests=easy_symptom_mask=hard__seed-0""]","[""behavioral_reference""]"
moco,ml_debugging,naming,"{""distractors"": ""easy"", ""queue_math"": ""easy"", ""symptom_mask"": ""medium"", ""temperature"": ""easy"", ""visible_tests"": ""easy""}",easy,1,1,1,0,1.0,[1.0],"[""moco__naming=easy_distractors=easy_queue_math=easy_temperature=easy_visible_tests=easy_symptom_mask=medium__seed-0""]","[""behavioral_reference""]"
moco,ml_debugging,naming,"{""distractors"": ""easy"", ""queue_math"": ""hard"", ""symptom_mask"": ""easy"", ""temperature"": ""easy"", ""visible_tests"": ""easy""}",easy,1,1,1,0,1.0,[1.0],"[""moco__naming=easy_distractors=easy_queue_math=hard_temperature=easy_visible_tests=easy_symptom_mask=easy__seed-0""]","[""behavioral_reference""]"
moco,ml_debugging,naming,"{""distractors"": ""easy"", ""queue_math"": ""medium"", ""symptom_mask"": ""easy"", ""temperature"": ""easy"", ""visible_tests"": ""easy""}",easy,1,1,1,0,1.0,[1.0],"[""moco__naming=easy_distractors=easy_queue_math=medium_temperature=easy_visible_tests=easy_symptom_mask=easy__seed-0""]","[""behavioral_reference""]"
moco,ml_debugging,naming,"{""distractors"": ""hard"", ""queue_math"": ""easy"", ""symptom_mask"": ""easy"", ""temperature"": ""easy"", ""visible_tests"": ""easy""}",easy,1,1,1,0,1.0,[1.0],"[""moco__naming=easy_distractors=hard_queue_math=easy_temperature=easy_visible_tests=easy_symptom_mask=easy__seed-0""]","[""behavioral_reference""]"
moco,ml_debugging,naming,"{""distractors"": ""medium"", ""queue_math"": ""easy"", ""symptom_mask"": ""easy"", ""temperature"": ""easy"", ""visible_tests"": ""easy""}",easy,1,1,1,0,1.0,[1.0],"[""moco__naming=easy_distractors=medium_queue_math=easy_temperature=easy_visible_tests=easy_symptom_mask=easy__seed-0""]","[""behavioral_reference""]"
moco,ml_debugging,queue_math,"{""distractors"": ""easy"", ""naming"": ""easy"", ""symptom_mask"": ""easy"", ""temperature"": ""easy"", ""visible_tests"": ""easy""}",easy,1,1,1,0,1.0,[1.0],"[""moco__naming=easy_distractors=easy_queue_math=easy_temperature=easy_visible_tests=easy_symptom_mask=easy__seed-0""]","[""behavioral_reference""]"
moco,ml_debugging,queue_math,"{""distractors"": ""easy"", ""naming"": ""easy"", ""symptom_mask"": ""easy"", ""temperature"": ""easy"", ""visible_tests"": ""easy""}",hard,1,1,1,0,1.0,[1.0],"[""moco__naming=easy_distractors=easy_queue_math=hard_temperature=easy_visible_tests=easy_symptom_mask=easy__seed-0""]","[""behavioral_reference""]"
moco,ml_debugging,queue_math,"{""distractors"": ""easy"", ""naming"": ""easy"", ""symptom_mask"": ""easy"", ""temperature"": ""easy"", ""visible_tests"": ""easy""}",medium,1,1,1,0,1.0,[1.0],"[""moco__naming=easy_distractors=easy_queue_math=medium_temperature=easy_visible_tests=easy_symptom_mask=easy__seed-0""]","[""behavioral_reference""]"
moco,ml_debugging,queue_math,"{""distractors"": ""easy"", ""naming"": ""easy"", ""symptom_mask"": ""easy"", ""temperature"": ""easy"", ""visible_tests"": ""hard""}",easy,1,1,1,0,1.0,[1.0],"[""moco__naming=easy_distractors=easy_queue_math=easy_temperature=easy_visible_tests=hard_symptom_mask=easy__seed-0""]","[""behavioral_reference""]"
moco,ml_debugging,queue_math,"{""distractors"": ""easy"", ""naming"": ""easy"", ""symptom_mask"": ""easy"", ""temperature"": ""easy"", ""visible_tests"": ""medium""}",easy,1,1,0,1,0.0,[0.95],"[""moco__naming=easy_distractors=easy_queue_math=easy_temperature=easy_visible_tests=medium_symptom_mask=easy__seed-0""]","[""behavioral_reference""]"
moco,ml_debugging,queue_math,"{""distractors"": ""easy"", ""naming"": ""easy"", ""symptom_mask"": ""easy"", ""temperature"": ""hard"", ""visible_tests"": ""easy""}",easy,1,1,1,0,1.0,[1.0],"[""moco__naming=easy_distractors=easy_queue_math=easy_temperature=hard_visible_tests=easy_symptom_mask=easy__seed-0""]","[""behavioral_reference""]"
moco,ml_debugging,queue_math,"{""distractors"": ""easy"", ""naming"": ""easy"", ""symptom_mask"": ""easy"", ""temperature"": ""medium"", ""visible_tests"": ""easy""}",easy,1,1,1,0,1.0,[1.0],"[""moco__naming=easy_distractors=easy_queue_math=easy_temperature=medium_visible_tests=easy_symptom_mask=easy__seed-0""]","[""behavioral_reference""]"
moco,ml_debugging,queue_math,"{""distractors"": ""easy"", ""naming"": ""easy"", ""symptom_mask"": ""hard"", ""temperature"": ""easy"", ""visible_tests"": ""easy""}",easy,1,1,0,1,0.0,[0.0],"[""moco__naming=easy_distractors=easy_queue_math=easy_temperature=easy_visible_tests=easy_symptom_mask=hard__seed-0""]","[""behavioral_reference""]"
moco,ml_debugging,queue_math,"{""distractors"": ""easy"", ""naming"": ""easy"", ""symptom_mask"": ""medium"", ""temperature"": ""easy"", ""visible_tests"": ""easy""}",easy,1,1,1,0,1.0,[1.0],"[""moco__naming=easy_distractors=easy_queue_math=easy_temperature=easy_visible_tests=easy_symptom_mask=medium__seed-0""]","[""behavioral_reference""]"
moco,ml_debugging,queue_math,"{""distractors"": ""hard"", ""naming"": ""easy"", ""symptom_mask"": ""easy"", ""temperature"": ""easy"", ""visible_tests"": ""easy""}",easy,1,1,1,0,1.0,[1.0],"[""moco__naming=easy_distractors=hard_queue_math=easy_temperature=easy_visible_tests=easy_symptom_mask=easy__seed-0""]","[""behavioral_reference""]"
moco,ml_debugging,queue_math,"{""distractors"": ""medium"", ""naming"": ""easy"", ""symptom_mask"": ""easy"", ""temperature"": ""easy"", ""visible_tests"": ""easy""}",easy,1,1,1,0,1.0,[1.0],"[""moco__naming=easy_distractors=medium_queue_math=easy_temperature=easy_visible_tests=easy_symptom_mask=easy__seed-0""]","[""behavioral_reference""]"
moco,ml_debugging,symptom_mask,"{""distractors"": ""easy"", ""naming"": ""easy"", ""queue_math"": ""easy"", ""temperature"": ""easy"", ""visible_tests"": ""easy""}",easy,1,1,1,0,1.0,[1.0],"[""moco__naming=easy_distractors=easy_queue_math=easy_temperature=easy_visible_tests=easy_symptom_mask=easy__seed-0""]","[""behavioral_reference""]"
moco,ml_debugging,symptom_mask,"{""distractors"": ""easy"", ""naming"": ""easy"", ""queue_math"": ""easy"", ""temperature"": ""easy"", ""visible_tests"": ""easy""}",hard,1,1,0,1,0.0,[0.0],"[""moco__naming=easy_distractors=easy_queue_math=easy_temperature=easy_visible_tests=easy_symptom_mask=hard__seed-0""]","[""behavioral_reference""]"
moco,ml_debugging,symptom_mask,"{""distractors"": ""easy"", ""naming"": ""easy"", ""queue_math"": ""easy"", ""temperature"": ""easy"", ""visible_tests"": ""easy""}",medium,1,1,1,0,1.0,[1.0],"[""moco__naming=easy_distractors=easy_queue_math=easy_temperature=easy_visible_tests=easy_symptom_mask=medium__seed-0""]","[""behavioral_reference""]"
moco,ml_debugging,symptom_mask,"{""distractors"": ""easy"", ""naming"": ""easy"", ""queue_math"": ""easy"", ""temperature"": ""easy"", ""visible_tests"": ""hard""}",easy,1,1,1,0,1.0,[1.0],"[""moco__naming=easy_distractors=easy_queue_math=easy_temperature=easy_visible_tests=hard_symptom_mask=easy__seed-0""]","[""behavioral_reference""]"
moco,ml_debugging,symptom_mask,"{""distractors"": ""easy"", ""naming"": ""easy"", ""queue_math"": ""easy"", ""temperature"": ""easy"", ""visible_tests"": ""medium""}",easy,1,1,0,1,0.0,[0.95],"[""moco__naming=easy_distractors=easy_queue_math=easy_temperature=easy_visible_tests=medium_symptom_mask=easy__seed-0""]","[""behavioral_reference""]"
moco,ml_debugging,symptom_mask,"{""distractors"": ""easy"", ""naming"": ""easy"", ""queue_math"": ""easy"", ""temperature"": ""hard"", ""visible_tests"": ""easy""}",easy,1,1,1,0,1.0,[1.0],"[""moco__naming=easy_distractors=easy_queue_math=easy_temperature=hard_visible_tests=easy_symptom_mask=easy__seed-0""]","[""behavioral_reference""]"
moco,ml_debugging,symptom_mask,"{""distractors"": ""easy"", ""naming"": ""easy"", ""queue_math"": ""easy"", ""temperature"": ""medium"", ""visible_tests"": ""easy""}",easy,1,1,1,0,1.0,[1.0],"[""moco__naming=easy_distractors=easy_queue_math=easy_temperature=medium_visible_tests=easy_symptom_mask=easy__seed-0""]","[""behavioral_reference""]"
moco,ml_debugging,symptom_mask,"{""distractors"": ""easy"", ""naming"": ""easy"", ""queue_math"": ""hard"", ""temperature"": ""easy"", ""visible_tests"": ""easy""}",easy,1,1,1,0,1.0,[1.0],"[""moco__naming=easy_distractors=easy_queue_math=hard_temperature=easy_visible_tests=easy_symptom_mask=easy__seed-0""]","[""behavioral_reference""]"
moco,ml_debugging,symptom_mask,"{""distractors"": ""easy"", ""naming"": ""easy"", ""queue_math"": ""medium"", ""temperature"": ""easy"", ""visible_tests"": ""easy""}",easy,1,1,1,0,1.0,[1.0],"[""moco__naming=easy_distractors=easy_queue_math=medium_temperature=easy_visible_tests=easy_symptom_mask=easy__seed-0""]","[""behavioral_reference""]"
moco,ml_debugging,symptom_mask,"{""distractors"": ""hard"", ""naming"": ""easy"", ""queue_math"": ""easy"", ""temperature"": ""easy"", ""visible_tests"": ""easy""}",easy,1,1,1,0,1.0,[1.0],"[""moco__naming=easy_distractors=hard_queue_math=easy_temperature=easy_visible_tests=easy_symptom_mask=easy__seed-0""]","[""behavioral_reference""]"
moco,ml_debugging,symptom_mask,"{""distractors"": ""medium"", ""naming"": ""easy"", ""queue_math"": ""easy"", ""temperature"": ""easy"", ""visible_tests"": ""easy""}",easy,1,1,1,0,1.0,[1.0],"[""moco__naming=easy_distractors=medium_queue_math=easy_temperature=easy_visible_tests=easy_symptom_mask=easy__seed-0""]","[""behavioral_reference""]"
moco,ml_debugging,temperature,"{""distractors"": ""easy"", ""naming"": ""easy"", ""queue_math"": ""easy"", ""symptom_mask"": ""easy"", ""visible_tests"": ""easy""}",easy,1,1,1,0,1.0,[1.0],"[""moco__naming=easy_distractors=easy_queue_math=easy_temperature=easy_visible_tests=easy_symptom_mask=easy__seed-0""]","[""behavioral_reference""]"
moco,ml_debugging,temperature,"{""distractors"": ""easy"", ""naming"": ""easy"", ""queue_math"": ""easy"", ""symptom_mask"": ""easy"", ""visible_tests"": ""easy""}",hard,1,1,1,0,1.0,[1.0],"[""moco__naming=easy_distractors=easy_queue_math=easy_temperature=hard_visible_tests=easy_symptom_mask=easy__seed-0""]","[""behavioral_reference""]"
moco,ml_debugging,temperature,"{""distractors"": ""easy"", ""naming"": ""easy"", ""queue_math"": ""easy"", ""symptom_mask"": ""easy"", ""visible_tests"": ""easy""}",medium,1,1,1,0,1.0,[1.0],"[""moco__naming=easy_distractors=easy_queue_math=easy_temperature=medium_visible_tests=easy_symptom_mask=easy__seed-0""]","[""behavioral_reference""]"
moco,ml_debugging,temperature,"{""distractors"": ""easy"", ""naming"": ""easy"", ""queue_math"": ""easy"", ""symptom_mask"": ""easy"", ""visible_tests"": ""hard""}",easy,1,1,1,0,1.0,[1.0],"[""moco__naming=easy_distractors=easy_queue_math=easy_temperature=easy_visible_tests=hard_symptom_mask=easy__seed-0""]","[""behavioral_reference""]"
moco,ml_debugging,temperature,"{""distractors"": ""easy"", ""naming"": ""easy"", ""queue_math"": ""easy"", ""symptom_mask"": ""easy"", ""visible_tests"": ""medium""}",easy,1,1,0,1,0.0,[0.95],"[""moco__naming=easy_distractors=easy_queue_math=easy_temperature=easy_visible_tests=medium_symptom_mask=easy__seed-0""]","[""behavioral_reference""]"
moco,ml_debugging,temperature,"{""distractors"": ""easy"", ""naming"": ""easy"", ""queue_math"": ""easy"", ""symptom_mask"": ""hard"", ""visible_tests"": ""easy""}",easy,1,1,0,1,0.0,[0.0],"[""moco__naming=easy_distractors=easy_queue_math=easy_temperature=easy_visible_tests=easy_symptom_mask=hard__seed-0""]","[""behavioral_reference""]"
moco,ml_debugging,temperature,"{""distractors"": ""easy"", ""naming"": ""easy"", ""queue_math"": ""easy"", ""symptom_mask"": ""medium"", ""visible_tests"": ""easy""}",easy,1,1,1,0,1.0,[1.0],"[""moco__naming=easy_distractors=easy_queue_math=easy_temperature=easy_visible_tests=easy_symptom_mask=medium__seed-0""]","[""behavioral_reference""]"
moco,ml_debugging,temperature,"{""distractors"": ""easy"", ""naming"": ""easy"", ""queue_math"": ""hard"", ""symptom_mask"": ""easy"", ""visible_tests"": ""easy""}",easy,1,1,1,0,1.0,[1.0],"[""moco__naming=easy_distractors=easy_queue_math=hard_temperature=easy_visible_tests=easy_symptom_mask=easy__seed-0""]","[""behavioral_reference""]"
moco,ml_debugging,temperature,"{""distractors"": ""easy"", ""naming"": ""easy"", ""queue_math"": ""medium"", ""symptom_mask"": ""easy"", ""visible_tests"": ""easy""}",easy,1,1,1,0,1.0,[1.0],"[""moco__naming=easy_distractors=easy_queue_math=medium_temperature=easy_visible_tests=easy_symptom_mask=easy__seed-0""]","[""behavioral_reference""]"
moco,ml_debugging,temperature,"{""distractors"": ""hard"", ""naming"": ""easy"", ""queue_math"": ""easy"", ""symptom_mask"": ""easy"", ""visible_tests"": ""easy""}",easy,1,1,1,0,1.0,[1.0],"[""moco__naming=easy_distractors=hard_queue_math=easy_temperature=easy_visible_tests=easy_symptom_mask=easy__seed-0""]","[""behavioral_reference""]"
moco,ml_debugging,temperature,"{""distractors"": ""medium"", ""naming"": ""easy"", ""queue_math"": ""easy"", ""symptom_mask"": ""easy"", ""visible_tests"": ""easy""}",easy,1,1,1,0,1.0,[1.0],"[""moco__naming=easy_distractors=medium_queue_math=easy_temperature=easy_visible_tests=easy_symptom_mask=easy__seed-0""]","[""behavioral_reference""]"
moco,ml_debugging,visible_tests,"{""distractors"": ""easy"", ""naming"": ""easy"", ""queue_math"": ""easy"", ""symptom_mask"": ""easy"", ""temperature"": ""easy""}",easy,1,1,1,0,1.0,[1.0],"[""moco__naming=easy_distractors=easy_queue_math=easy_temperature=easy_visible_tests=easy_symptom_mask=easy__seed-0""]","[""behavioral_reference""]"
moco,ml_debugging,visible_tests,"{""distractors"": ""easy"", ""naming"": ""easy"", ""queue_math"": ""easy"", ""symptom_mask"": ""easy"", ""temperature"": ""easy""}",hard,1,1,1,0,1.0,[1.0],"[""moco__naming=easy_distractors=easy_queue_math=easy_temperature=easy_visible_tests=hard_symptom_mask=easy__seed-0""]","[""behavioral_reference""]"
moco,ml_debugging,visible_tests,"{""distractors"": ""easy"", ""naming"": ""easy"", ""queue_math"": ""easy"", ""symptom_mask"": ""easy"", ""temperature"": ""easy""}",medium,1,1,0,1,0.0,[0.95],"[""moco__naming=easy_distractors=easy_queue_math=easy_temperature=easy_visible_tests=medium_symptom_mask=easy__seed-0""]","[""behavioral_reference""]"
moco,ml_debugging,visible_tests,"{""distractors"": ""easy"", ""naming"": ""easy"", ""queue_math"": ""easy"", ""symptom_mask"": ""easy"", ""temperature"": ""hard""}",easy,1,1,1,0,1.0,[1.0],"[""moco__naming=easy_distractors=easy_queue_math=easy_temperature=hard_visible_tests=easy_symptom_mask=easy__seed-0""]","[""behavioral_reference""]"
moco,ml_debugging,visible_tests,"{""distractors"": ""easy"", ""naming"": ""easy"", ""queue_math"": ""easy"", ""symptom_mask"": ""easy"", ""temperature"": ""medium""}",easy,1,1,1,0,1.0,[1.0],"[""moco__naming=easy_distractors=easy_queue_math=easy_temperature=medium_visible_tests=easy_symptom_mask=easy__seed-0""]","[""behavioral_reference""]"
moco,ml_debugging,visible_tests,"{""distractors"": ""easy"", ""naming"": ""easy"", ""queue_math"": ""easy"", ""symptom_mask"": ""hard"", ""temperature"": ""easy""}",easy,1,1,0,1,0.0,[0.0],"[""moco__naming=easy_distractors=easy_queue_math=easy_temperature=easy_visible_tests=easy_symptom_mask=hard__seed-0""]","[""behavioral_reference""]"
moco,ml_debugging,visible_tests,"{""distractors"": ""easy"", ""naming"": ""easy"", ""queue_math"": ""easy"", ""symptom_mask"": ""medium"", ""temperature"": ""easy""}",easy,1,1,1,0,1.0,[1.0],"[""moco__naming=easy_distractors=easy_queue_math=easy_temperature=easy_visible_tests=easy_symptom_mask=medium__seed-0""]","[""behavioral_reference""]"
moco,ml_debugging,visible_tests,"{""distractors"": ""easy"", ""naming"": ""easy"", ""queue_math"": ""hard"", ""symptom_mask"": ""easy"", ""temperature"": ""easy""}",easy,1,1,1,0,1.0,[1.0],"[""moco__naming=easy_distractors=easy_queue_math=hard_temperature=easy_visible_tests=easy_symptom_mask=easy__seed-0""]","[""behavioral_reference""]"
moco,ml_debugging,visible_tests,"{""distractors"": ""easy"", ""naming"": ""easy"", ""queue_math"": ""medium"", ""symptom_mask"": ""easy"", ""temperature"": ""easy""}",easy,1,1,1,0,1.0,[1.0],"[""moco__naming=easy_distractors=easy_queue_math=medium_temperature=easy_visible_tests=easy_symptom_mask=easy__seed-0""]","[""behavioral_reference""]"
moco,ml_debugging,visible_tests,"{""distractors"": ""hard"", ""naming"": ""easy"", ""queue_math"": ""easy"", ""symptom_mask"": ""easy"", ""temperature"": ""easy""}",easy,1,1,1,0,1.0,[1.0],"[""moco__naming=easy_distractors=hard_queue_math=easy_temperature=easy_visible_tests=easy_symptom_mask=easy__seed-0""]","[""behavioral_reference""]"
moco,ml_debugging,visible_tests,"{""distractors"": ""medium"", ""naming"": ""easy"", ""queue_math"": ""easy"", ""symptom_mask"": ""easy"", ""temperature"": ""easy""}",easy,1,1,1,0,1.0,[1.0],"[""moco__naming=easy_distractors=medium_queue_math=easy_temperature=easy_visible_tests=easy_symptom_mask=easy__seed-0""]","[""behavioral_reference""]"
monadic_reward,category_theoretic_compositional,naming,"{""symptom_mask"": ""easy""}",easy,1,1,1,0,1.0,[1.0],"[""monadic_reward__naming=easy_symptom_mask=easy__seed-0""]","[""compile_only""]"
monadic_reward,category_theoretic_compositional,naming,"{""symptom_mask"": ""easy""}",hard,1,1,0,1,0.0,[0.0],"[""monadic_reward__naming=hard_symptom_mask=easy__seed-0""]","[""compile_only""]"
monadic_reward,category_theoretic_compositional,naming,"{""symptom_mask"": ""easy""}",medium,1,1,0,1,0.0,[0.0],"[""monadic_reward__naming=medium_symptom_mask=easy__seed-0""]","[""compile_only""]"
monadic_reward,category_theoretic_compositional,naming,"{""symptom_mask"": ""hard""}",easy,1,1,0,1,0.0,[0.0],"[""monadic_reward__naming=easy_symptom_mask=hard__seed-0""]","[""compile_only""]"
monadic_reward,category_theoretic_compositional,naming,"{""symptom_mask"": ""medium""}",easy,1,1,0,1,0.0,[0.0],"[""monadic_reward__naming=easy_symptom_mask=medium__seed-0""]","[""compile_only""]"
monadic_reward,category_theoretic_compositional,symptom_mask,"{""naming"": ""easy""}",easy,1,1,1,0,1.0,[1.0],"[""monadic_reward__naming=easy_symptom_mask=easy__seed-0""]","[""compile_only""]"
monadic_reward,category_theoretic_compositional,symptom_mask,"{""naming"": ""easy""}",hard,1,1,0,1,0.0,[0.0],"[""monadic_reward__naming=easy_symptom_mask=hard__seed-0""]","[""compile_only""]"
monadic_reward,category_theoretic_compositional,symptom_mask,"{""naming"": ""easy""}",medium,1,1,0,1,0.0,[0.0],"[""monadic_reward__naming=easy_symptom_mask=medium__seed-0""]","[""compile_only""]"
monadic_reward,category_theoretic_compositional,symptom_mask,"{""naming"": ""hard""}",easy,1,1,0,1,0.0,[0.0],"[""monadic_reward__naming=hard_symptom_mask=easy__seed-0""]","[""compile_only""]"
monadic_reward,category_theoretic_compositional,symptom_mask,"{""naming"": ""medium""}",easy,1,1,0,1,0.0,[0.0],"[""monadic_reward__naming=medium_symptom_mask=easy__seed-0""]","[""compile_only""]"
neuro_symbolic_parser,category_theoretic_compositional,naming,"{""symptom_mask"": ""easy""}",easy,1,1,1,0,1.0,[1.0],"[""neuro_symbolic_parser__naming=easy_symptom_mask=easy__seed-0""]","[""compile_only""]"
neuro_symbolic_parser,category_theoretic_compositional,naming,"{""symptom_mask"": ""easy""}",hard,1,1,0,1,0.0,[0.0],"[""neuro_symbolic_parser__naming=hard_symptom_mask=easy__seed-0""]","[""compile_only""]"
neuro_symbolic_parser,category_theoretic_compositional,naming,"{""symptom_mask"": ""easy""}",medium,1,1,1,0,1.0,[1.0],"[""neuro_symbolic_parser__naming=medium_symptom_mask=easy__seed-0""]","[""compile_only""]"
neuro_symbolic_parser,category_theoretic_compositional,naming,"{""symptom_mask"": ""hard""}",easy,1,1,1,0,1.0,[1.0],"[""neuro_symbolic_parser__naming=easy_symptom_mask=hard__seed-0""]","[""compile_only""]"
neuro_symbolic_parser,category_theoretic_compositional,naming,"{""symptom_mask"": ""medium""}",easy,1,1,1,0,1.0,[1.0],"[""neuro_symbolic_parser__naming=easy_symptom_mask=medium__seed-0""]","[""compile_only""]"
neuro_symbolic_parser,category_theoretic_compositional,symptom_mask,"{""naming"": ""easy""}",easy,1,1,1,0,1.0,[1.0],"[""neuro_symbolic_parser__naming=easy_symptom_mask=easy__seed-0""]","[""compile_only""]"
neuro_symbolic_parser,category_theoretic_compositional,symptom_mask,"{""naming"": ""easy""}",hard,1,1,1,0,1.0,[1.0],"[""neuro_symbolic_parser__naming=easy_symptom_mask=hard__seed-0""]","[""compile_only""]"
neuro_symbolic_parser,category_theoretic_compositional,symptom_mask,"{""naming"": ""easy""}",medium,1,1,1,0,1.0,[1.0],"[""neuro_symbolic_parser__naming=easy_symptom_mask=medium__seed-0""]","[""compile_only""]"
neuro_symbolic_parser,category_theoretic_compositional,symptom_mask,"{""naming"": ""hard""}",easy,1,1,0,1,0.0,[0.0],"[""neuro_symbolic_parser__naming=hard_symptom_mask=easy__seed-0""]","[""compile_only""]"
neuro_symbolic_parser,category_theoretic_compositional,symptom_mask,"{""naming"": ""medium""}",easy,1,1,1,0,1.0,[1.0],"[""neuro_symbolic_parser__naming=medium_symptom_mask=easy__seed-0""]","[""compile_only""]"
rd_adaptive_halting,recurrent_depth_behavioral,batching_complexity,"{""clue_clarity"": ""easy"", ""implementation_obfuscation"": ""easy"", ""recurrence_depth"": ""easy"", ""visible_tests"": ""easy""}",easy,1,1,0,1,0.0,[0.0],"[""rd_adaptive_halting__recurrence_depth=easy_clue_clarity=easy_visible_tests=easy_implementation_obfuscation=easy_batching_complexity=easy__seed-0""]","[""compile_only""]"
rd_adaptive_halting,recurrent_depth_behavioral,batching_complexity,"{""clue_clarity"": ""easy"", ""implementation_obfuscation"": ""easy"", ""recurrence_depth"": ""easy"", ""visible_tests"": ""easy""}",hard,1,1,1,0,1.0,[1.0],"[""rd_adaptive_halting__recurrence_depth=easy_clue_clarity=easy_visible_tests=easy_implementation_obfuscation=easy_batching_complexity=hard__seed-0""]","[""compile_only""]"
rd_adaptive_halting,recurrent_depth_behavioral,batching_complexity,"{""clue_clarity"": ""easy"", ""implementation_obfuscation"": ""easy"", ""recurrence_depth"": ""easy"", ""visible_tests"": ""easy""}",medium,1,1,1,0,1.0,[1.0],"[""rd_adaptive_halting__recurrence_depth=easy_clue_clarity=easy_visible_tests=easy_implementation_obfuscation=easy_batching_complexity=medium__seed-0""]","[""compile_only""]"
rd_adaptive_halting,recurrent_depth_behavioral,batching_complexity,"{""clue_clarity"": ""easy"", ""implementation_obfuscation"": ""easy"", ""recurrence_depth"": ""easy"", ""visible_tests"": ""hard""}",easy,1,1,1,0,1.0,[1.0],"[""rd_adaptive_halting__recurrence_depth=easy_clue_clarity=easy_visible_tests=hard_implementation_obfuscation=easy_batching_complexity=easy__seed-0""]","[""compile_only""]"
rd_adaptive_halting,recurrent_depth_behavioral,batching_complexity,"{""clue_clarity"": ""easy"", ""implementation_obfuscation"": ""easy"", ""recurrence_depth"": ""easy"", ""visible_tests"": ""medium""}",easy,1,1,1,0,1.0,[1.0],"[""rd_adaptive_halting__recurrence_depth=easy_clue_clarity=easy_visible_tests=medium_implementation_obfuscation=easy_batching_complexity=easy__seed-0""]","[""compile_only""]"
rd_adaptive_halting,recurrent_depth_behavioral,batching_complexity,"{""clue_clarity"": ""easy"", ""implementation_obfuscation"": ""easy"", ""recurrence_depth"": ""hard"", ""visible_tests"": ""easy""}",easy,1,1,1,0,1.0,[1.0],"[""rd_adaptive_halting__recurrence_depth=hard_clue_clarity=easy_visible_tests=easy_implementation_obfuscation=easy_batching_complexity=easy__seed-0""]","[""compile_only""]"
rd_adaptive_halting,recurrent_depth_behavioral,batching_complexity,"{""clue_clarity"": ""easy"", ""implementation_obfuscation"": ""easy"", ""recurrence_depth"": ""medium"", ""visible_tests"": ""easy""}",easy,1,1,1,0,1.0,[1.0],"[""rd_adaptive_halting__recurrence_depth=medium_clue_clarity=easy_visible_tests=easy_implementation_obfuscation=easy_batching_complexity=easy__seed-0""]","[""compile_only""]"
rd_adaptive_halting,recurrent_depth_behavioral,batching_complexity,"{""clue_clarity"": ""easy"", ""implementation_obfuscation"": ""hard"", ""recurrence_depth"": ""easy"", ""visible_tests"": ""easy""}",easy,1,1,1,0,1.0,[1.0],"[""rd_adaptive_halting__recurrence_depth=easy_clue_clarity=easy_visible_tests=easy_implementation_obfuscation=hard_batching_complexity=easy__seed-0""]","[""compile_only""]"
rd_adaptive_halting,recurrent_depth_behavioral,batching_complexity,"{""clue_clarity"": ""easy"", ""implementation_obfuscation"": ""medium"", ""recurrence_depth"": ""easy"", ""visible_tests"": ""easy""}",easy,1,1,0,1,0.0,[0.0],"[""rd_adaptive_halting__recurrence_depth=easy_clue_clarity=easy_visible_tests=easy_implementation_obfuscation=medium_batching_complexity=easy__seed-0""]","[""compile_only""]"
rd_adaptive_halting,recurrent_depth_behavioral,batching_complexity,"{""clue_clarity"": ""hard"", ""implementation_obfuscation"": ""easy"", ""recurrence_depth"": ""easy"", ""visible_tests"": ""easy""}",easy,1,1,1,0,1.0,[1.0],"[""rd_adaptive_halting__recurrence_depth=easy_clue_clarity=hard_visible_tests=easy_implementation_obfuscation=easy_batching_complexity=easy__seed-0""]","[""compile_only""]"
rd_adaptive_halting,recurrent_depth_behavioral,batching_complexity,"{""clue_clarity"": ""medium"", ""implementation_obfuscation"": ""easy"", ""recurrence_depth"": ""easy"", ""visible_tests"": ""easy""}",easy,1,1,1,0,1.0,[1.0],"[""rd_adaptive_halting__recurrence_depth=easy_clue_clarity=medium_visible_tests=easy_implementation_obfuscation=easy_batching_complexity=easy__seed-0""]","[""compile_only""]"
rd_adaptive_halting,recurrent_depth_behavioral,clue_clarity,"{""batching_complexity"": ""easy"", ""implementation_obfuscation"": ""easy"", ""recurrence_depth"": ""easy"", ""visible_tests"": ""easy""}",easy,1,1,0,1,0.0,[0.0],"[""rd_adaptive_halting__recurrence_depth=easy_clue_clarity=easy_visible_tests=easy_implementation_obfuscation=easy_batching_complexity=easy__seed-0""]","[""compile_only""]"
rd_adaptive_halting,recurrent_depth_behavioral,clue_clarity,"{""batching_complexity"": ""easy"", ""implementation_obfuscation"": ""easy"", ""recurrence_depth"": ""easy"", ""visible_tests"": ""easy""}",hard,1,1,1,0,1.0,[1.0],"[""rd_adaptive_halting__recurrence_depth=easy_clue_clarity=hard_visible_tests=easy_implementation_obfuscation=easy_batching_complexity=easy__seed-0""]","[""compile_only""]"
rd_adaptive_halting,recurrent_depth_behavioral,clue_clarity,"{""batching_complexity"": ""easy"", ""implementation_obfuscation"": ""easy"", ""recurrence_depth"": ""easy"", ""visible_tests"": ""easy""}",medium,1,1,1,0,1.0,[1.0],"[""rd_adaptive_halting__recurrence_depth=easy_clue_clarity=medium_visible_tests=easy_implementation_obfuscation=easy_batching_complexity=easy__seed-0""]","[""compile_only""]"
rd_adaptive_halting,recurrent_depth_behavioral,clue_clarity,"{""batching_complexity"": ""easy"", ""implementation_obfuscation"": ""easy"", ""recurrence_depth"": ""easy"", ""visible_tests"": ""hard""}",easy,1,1,1,0,1.0,[1.0],"[""rd_adaptive_halting__recurrence_depth=easy_clue_clarity=easy_visible_tests=hard_implementation_obfuscation=easy_batching_complexity=easy__seed-0""]","[""compile_only""]"
rd_adaptive_halting,recurrent_depth_behavioral,clue_clarity,"{""batching_complexity"": ""easy"", ""implementation_obfuscation"": ""easy"", ""recurrence_depth"": ""easy"", ""visible_tests"": ""medium""}",easy,1,1,1,0,1.0,[1.0],"[""rd_adaptive_halting__recurrence_depth=easy_clue_clarity=easy_visible_tests=medium_implementation_obfuscation=easy_batching_complexity=easy__seed-0""]","[""compile_only""]"
rd_adaptive_halting,recurrent_depth_behavioral,clue_clarity,"{""batching_complexity"": ""easy"", ""implementation_obfuscation"": ""easy"", ""recurrence_depth"": ""hard"", ""visible_tests"": ""easy""}",easy,1,1,1,0,1.0,[1.0],"[""rd_adaptive_halting__recurrence_depth=hard_clue_clarity=easy_visible_tests=easy_implementation_obfuscation=easy_batching_complexity=easy__seed-0""]","[""compile_only""]"
rd_adaptive_halting,recurrent_depth_behavioral,clue_clarity,"{""batching_complexity"": ""easy"", ""implementation_obfuscation"": ""easy"", ""recurrence_depth"": ""medium"", ""visible_tests"": ""easy""}",easy,1,1,1,0,1.0,[1.0],"[""rd_adaptive_halting__recurrence_depth=medium_clue_clarity=easy_visible_tests=easy_implementation_obfuscation=easy_batching_complexity=easy__seed-0""]","[""compile_only""]"
rd_adaptive_halting,recurrent_depth_behavioral,clue_clarity,"{""batching_complexity"": ""easy"", ""implementation_obfuscation"": ""hard"", ""recurrence_depth"": ""easy"", ""visible_tests"": ""easy""}",easy,1,1,1,0,1.0,[1.0],"[""rd_adaptive_halting__recurrence_depth=easy_clue_clarity=easy_visible_tests=easy_implementation_obfuscation=hard_batching_complexity=easy__seed-0""]","[""compile_only""]"
rd_adaptive_halting,recurrent_depth_behavioral,clue_clarity,"{""batching_complexity"": ""easy"", ""implementation_obfuscation"": ""medium"", ""recurrence_depth"": ""easy"", ""visible_tests"": ""easy""}",easy,1,1,0,1,0.0,[0.0],"[""rd_adaptive_halting__recurrence_depth=easy_clue_clarity=easy_visible_tests=easy_implementation_obfuscation=medium_batching_complexity=easy__seed-0""]","[""compile_only""]"
rd_adaptive_halting,recurrent_depth_behavioral,clue_clarity,"{""batching_complexity"": ""hard"", ""implementation_obfuscation"": ""easy"", ""recurrence_depth"": ""easy"", ""visible_tests"": ""easy""}",easy,1,1,1,0,1.0,[1.0],"[""rd_adaptive_halting__recurrence_depth=easy_clue_clarity=easy_visible_tests=easy_implementation_obfuscation=easy_batching_complexity=hard__seed-0""]","[""compile_only""]"
rd_adaptive_halting,recurrent_depth_behavioral,clue_clarity,"{""batching_complexity"": ""medium"", ""implementation_obfuscation"": ""easy"", ""recurrence_depth"": ""easy"", ""visible_tests"": ""easy""}",easy,1,1,1,0,1.0,[1.0],"[""rd_adaptive_halting__recurrence_depth=easy_clue_clarity=easy_visible_tests=easy_implementation_obfuscation=easy_batching_complexity=medium__seed-0""]","[""compile_only""]"
rd_adaptive_halting,recurrent_depth_behavioral,implementation_obfuscation,"{""batching_complexity"": ""easy"", ""clue_clarity"": ""easy"", ""recurrence_depth"": ""easy"", ""visible_tests"": ""easy""}",easy,1,1,0,1,0.0,[0.0],"[""rd_adaptive_halting__recurrence_depth=easy_clue_clarity=easy_visible_tests=easy_implementation_obfuscation=easy_batching_complexity=easy__seed-0""]","[""compile_only""]"
rd_adaptive_halting,recurrent_depth_behavioral,implementation_obfuscation,"{""batching_complexity"": ""easy"", ""clue_clarity"": ""easy"", ""recurrence_depth"": ""easy"", ""visible_tests"": ""easy""}",hard,1,1,1,0,1.0,[1.0],"[""rd_adaptive_halting__recurrence_depth=easy_clue_clarity=easy_visible_tests=easy_implementation_obfuscation=hard_batching_complexity=easy__seed-0""]","[""compile_only""]"
rd_adaptive_halting,recurrent_depth_behavioral,implementation_obfuscation,"{""batching_complexity"": ""easy"", ""clue_clarity"": ""easy"", ""recurrence_depth"": ""easy"", ""visible_tests"": ""easy""}",medium,1,1,0,1,0.0,[0.0],"[""rd_adaptive_halting__recurrence_depth=easy_clue_clarity=easy_visible_tests=easy_implementation_obfuscation=medium_batching_complexity=easy__seed-0""]","[""compile_only""]"
rd_adaptive_halting,recurrent_depth_behavioral,implementation_obfuscation,"{""batching_complexity"": ""easy"", ""clue_clarity"": ""easy"", ""recurrence_depth"": ""easy"", ""visible_tests"": ""hard""}",easy,1,1,1,0,1.0,[1.0],"[""rd_adaptive_halting__recurrence_depth=easy_clue_clarity=easy_visible_tests=hard_implementation_obfuscation=easy_batching_complexity=easy__seed-0""]","[""compile_only""]"
rd_adaptive_halting,recurrent_depth_behavioral,implementation_obfuscation,"{""batching_complexity"": ""easy"", ""clue_clarity"": ""easy"", ""recurrence_depth"": ""easy"", ""visible_tests"": ""medium""}",easy,1,1,1,0,1.0,[1.0],"[""rd_adaptive_halting__recurrence_depth=easy_clue_clarity=easy_visible_tests=medium_implementation_obfuscation=easy_batching_complexity=easy__seed-0""]","[""compile_only""]"
rd_adaptive_halting,recurrent_depth_behavioral,implementation_obfuscation,"{""batching_complexity"": ""easy"", ""clue_clarity"": ""easy"", ""recurrence_depth"": ""hard"", ""visible_tests"": ""easy""}",easy,1,1,1,0,1.0,[1.0],"[""rd_adaptive_halting__recurrence_depth=hard_clue_clarity=easy_visible_tests=easy_implementation_obfuscation=easy_batching_complexity=easy__seed-0""]","[""compile_only""]"
rd_adaptive_halting,recurrent_depth_behavioral,implementation_obfuscation,"{""batching_complexity"": ""easy"", ""clue_clarity"": ""easy"", ""recurrence_depth"": ""medium"", ""visible_tests"": ""easy""}",easy,1,1,1,0,1.0,[1.0],"[""rd_adaptive_halting__recurrence_depth=medium_clue_clarity=easy_visible_tests=easy_implementation_obfuscation=easy_batching_complexity=easy__seed-0""]","[""compile_only""]"
rd_adaptive_halting,recurrent_depth_behavioral,implementation_obfuscation,"{""batching_complexity"": ""easy"", ""clue_clarity"": ""hard"", ""recurrence_depth"": ""easy"", ""visible_tests"": ""easy""}",easy,1,1,1,0,1.0,[1.0],"[""rd_adaptive_halting__recurrence_depth=easy_clue_clarity=hard_visible_tests=easy_implementation_obfuscation=easy_batching_complexity=easy__seed-0""]","[""compile_only""]"
rd_adaptive_halting,recurrent_depth_behavioral,implementation_obfuscation,"{""batching_complexity"": ""easy"", ""clue_clarity"": ""medium"", ""recurrence_depth"": ""easy"", ""visible_tests"": ""easy""}",easy,1,1,1,0,1.0,[1.0],"[""rd_adaptive_halting__recurrence_depth=easy_clue_clarity=medium_visible_tests=easy_implementation_obfuscation=easy_batching_complexity=easy__seed-0""]","[""compile_only""]"
rd_adaptive_halting,recurrent_depth_behavioral,implementation_obfuscation,"{""batching_complexity"": ""hard"", ""clue_clarity"": ""easy"", ""recurrence_depth"": ""easy"", ""visible_tests"": ""easy""}",easy,1,1,1,0,1.0,[1.0],"[""rd_adaptive_halting__recurrence_depth=easy_clue_clarity=easy_visible_tests=easy_implementation_obfuscation=easy_batching_complexity=hard__seed-0""]","[""compile_only""]"
rd_adaptive_halting,recurrent_depth_behavioral,implementation_obfuscation,"{""batching_complexity"": ""medium"", ""clue_clarity"": ""easy"", ""recurrence_depth"": ""easy"", ""visible_tests"": ""easy""}",easy,1,1,1,0,1.0,[1.0],"[""rd_adaptive_halting__recurrence_depth=easy_clue_clarity=easy_visible_tests=easy_implementation_obfuscation=easy_batching_complexity=medium__seed-0""]","[""compile_only""]"
rd_adaptive_halting,recurrent_depth_behavioral,recurrence_depth,"{""batching_complexity"": ""easy"", ""clue_clarity"": ""easy"", ""implementation_obfuscation"": ""easy"", ""visible_tests"": ""easy""}",easy,1,1,0,1,0.0,[0.0],"[""rd_adaptive_halting__recurrence_depth=easy_clue_clarity=easy_visible_tests=easy_implementation_obfuscation=easy_batching_complexity=easy__seed-0""]","[""compile_only""]"
rd_adaptive_halting,recurrent_depth_behavioral,recurrence_depth,"{""batching_complexity"": ""easy"", ""clue_clarity"": ""easy"", ""implementation_obfuscation"": ""easy"", ""visible_tests"": ""easy""}",hard,1,1,1,0,1.0,[1.0],"[""rd_adaptive_halting__recurrence_depth=hard_clue_clarity=easy_visible_tests=easy_implementation_obfuscation=easy_batching_complexity=easy__seed-0""]","[""compile_only""]"
rd_adaptive_halting,recurrent_depth_behavioral,recurrence_depth,"{""batching_complexity"": ""easy"", ""clue_clarity"": ""easy"", ""implementation_obfuscation"": ""easy"", ""visible_tests"": ""easy""}",medium,1,1,1,0,1.0,[1.0],"[""rd_adaptive_halting__recurrence_depth=medium_clue_clarity=easy_visible_tests=easy_implementation_obfuscation=easy_batching_complexity=easy__seed-0""]","[""compile_only""]"
rd_adaptive_halting,recurrent_depth_behavioral,recurrence_depth,"{""batching_complexity"": ""easy"", ""clue_clarity"": ""easy"", ""implementation_obfuscation"": ""easy"", ""visible_tests"": ""hard""}",easy,1,1,1,0,1.0,[1.0],"[""rd_adaptive_halting__recurrence_depth=easy_clue_clarity=easy_visible_tests=hard_implementation_obfuscation=easy_batching_complexity=easy__seed-0""]","[""compile_only""]"
rd_adaptive_halting,recurrent_depth_behavioral,recurrence_depth,"{""batching_complexity"": ""easy"", ""clue_clarity"": ""easy"", ""implementation_obfuscation"": ""easy"", ""visible_tests"": ""medium""}",easy,1,1,1,0,1.0,[1.0],"[""rd_adaptive_halting__recurrence_depth=easy_clue_clarity=easy_visible_tests=medium_implementation_obfuscation=easy_batching_complexity=easy__seed-0""]","[""compile_only""]"
rd_adaptive_halting,recurrent_depth_behavioral,recurrence_depth,"{""batching_complexity"": ""easy"", ""clue_clarity"": ""easy"", ""implementation_obfuscation"": ""hard"", ""visible_tests"": ""easy""}",easy,1,1,1,0,1.0,[1.0],"[""rd_adaptive_halting__recurrence_depth=easy_clue_clarity=easy_visible_tests=easy_implementation_obfuscation=hard_batching_complexity=easy__seed-0""]","[""compile_only""]"
rd_adaptive_halting,recurrent_depth_behavioral,recurrence_depth,"{""batching_complexity"": ""easy"", ""clue_clarity"": ""easy"", ""implementation_obfuscation"": ""medium"", ""visible_tests"": ""easy""}",easy,1,1,0,1,0.0,[0.0],"[""rd_adaptive_halting__recurrence_depth=easy_clue_clarity=easy_visible_tests=easy_implementation_obfuscation=medium_batching_complexity=easy__seed-0""]","[""compile_only""]"
rd_adaptive_halting,recurrent_depth_behavioral,recurrence_depth,"{""batching_complexity"": ""easy"", ""clue_clarity"": ""hard"", ""implementation_obfuscation"": ""easy"", ""visible_tests"": ""easy""}",easy,1,1,1,0,1.0,[1.0],"[""rd_adaptive_halting__recurrence_depth=easy_clue_clarity=hard_visible_tests=easy_implementation_obfuscation=easy_batching_complexity=easy__seed-0""]","[""compile_only""]"
rd_adaptive_halting,recurrent_depth_behavioral,recurrence_depth,"{""batching_complexity"": ""easy"", ""clue_clarity"": ""medium"", ""implementation_obfuscation"": ""easy"", ""visible_tests"": ""easy""}",easy,1,1,1,0,1.0,[1.0],"[""rd_adaptive_halting__recurrence_depth=easy_clue_clarity=medium_visible_tests=easy_implementation_obfuscation=easy_batching_complexity=easy__seed-0""]","[""compile_only""]"
rd_adaptive_halting,recurrent_depth_behavioral,recurrence_depth,"{""batching_complexity"": ""hard"", ""clue_clarity"": ""easy"", ""implementation_obfuscation"": ""easy"", ""visible_tests"": ""easy""}",easy,1,1,1,0,1.0,[1.0],"[""rd_adaptive_halting__recurrence_depth=easy_clue_clarity=easy_visible_tests=easy_implementation_obfuscation=easy_batching_complexity=hard__seed-0""]","[""compile_only""]"
rd_adaptive_halting,recurrent_depth_behavioral,recurrence_depth,"{""batching_complexity"": ""medium"", ""clue_clarity"": ""easy"", ""implementation_obfuscation"": ""easy"", ""visible_tests"": ""easy""}",easy,1,1,1,0,1.0,[1.0],"[""rd_adaptive_halting__recurrence_depth=easy_clue_clarity=easy_visible_tests=easy_implementation_obfuscation=easy_batching_complexity=medium__seed-0""]","[""compile_only""]"
rd_adaptive_halting,recurrent_depth_behavioral,visible_tests,"{""batching_complexity"": ""easy"", ""clue_clarity"": ""easy"", ""implementation_obfuscation"": ""easy"", ""recurrence_depth"": ""easy""}",easy,1,1,0,1,0.0,[0.0],"[""rd_adaptive_halting__recurrence_depth=easy_clue_clarity=easy_visible_tests=easy_implementation_obfuscation=easy_batching_complexity=easy__seed-0""]","[""compile_only""]"
rd_adaptive_halting,recurrent_depth_behavioral,visible_tests,"{""batching_complexity"": ""easy"", ""clue_clarity"": ""easy"", ""implementation_obfuscation"": ""easy"", ""recurrence_depth"": ""easy""}",hard,1,1,1,0,1.0,[1.0],"[""rd_adaptive_halting__recurrence_depth=easy_clue_clarity=easy_visible_tests=hard_implementation_obfuscation=easy_batching_complexity=easy__seed-0""]","[""compile_only""]"
rd_adaptive_halting,recurrent_depth_behavioral,visible_tests,"{""batching_complexity"": ""easy"", ""clue_clarity"": ""easy"", ""implementation_obfuscation"": ""easy"", ""recurrence_depth"": ""easy""}",medium,1,1,1,0,1.0,[1.0],"[""rd_adaptive_halting__recurrence_depth=easy_clue_clarity=easy_visible_tests=medium_implementation_obfuscation=easy_batching_complexity=easy__seed-0""]","[""compile_only""]"
rd_adaptive_halting,recurrent_depth_behavioral,visible_tests,"{""batching_complexity"": ""easy"", ""clue_clarity"": ""easy"", ""implementation_obfuscation"": ""easy"", ""recurrence_depth"": ""hard""}",easy,1,1,1,0,1.0,[1.0],"[""rd_adaptive_halting__recurrence_depth=hard_clue_clarity=easy_visible_tests=easy_implementation_obfuscation=easy_batching_complexity=easy__seed-0""]","[""compile_only""]"
rd_adaptive_halting,recurrent_depth_behavioral,visible_tests,"{""batching_complexity"": ""easy"", ""clue_clarity"": ""easy"", ""implementation_obfuscation"": ""easy"", ""recurrence_depth"": ""medium""}",easy,1,1,1,0,1.0,[1.0],"[""rd_adaptive_halting__recurrence_depth=medium_clue_clarity=easy_visible_tests=easy_implementation_obfuscation=easy_batching_complexity=easy__seed-0""]","[""compile_only""]"
rd_adaptive_halting,recurrent_depth_behavioral,visible_tests,"{""batching_complexity"": ""easy"", ""clue_clarity"": ""easy"", ""implementation_obfuscation"": ""hard"", ""recurrence_depth"": ""easy""}",easy,1,1,1,0,1.0,[1.0],"[""rd_adaptive_halting__recurrence_depth=easy_clue_clarity=easy_visible_tests=easy_implementation_obfuscation=hard_batching_complexity=easy__seed-0""]","[""compile_only""]"
rd_adaptive_halting,recurrent_depth_behavioral,visible_tests,"{""batching_complexity"": ""easy"", ""clue_clarity"": ""easy"", ""implementation_obfuscation"": ""medium"", ""recurrence_depth"": ""easy""}",easy,1,1,0,1,0.0,[0.0],"[""rd_adaptive_halting__recurrence_depth=easy_clue_clarity=easy_visible_tests=easy_implementation_obfuscation=medium_batching_complexity=easy__seed-0""]","[""compile_only""]"
rd_adaptive_halting,recurrent_depth_behavioral,visible_tests,"{""batching_complexity"": ""easy"", ""clue_clarity"": ""hard"", ""implementation_obfuscation"": ""easy"", ""recurrence_depth"": ""easy""}",easy,1,1,1,0,1.0,[1.0],"[""rd_adaptive_halting__recurrence_depth=easy_clue_clarity=hard_visible_tests=easy_implementation_obfuscation=easy_batching_complexity=easy__seed-0""]","[""compile_only""]"
rd_adaptive_halting,recurrent_depth_behavioral,visible_tests,"{""batching_complexity"": ""easy"", ""clue_clarity"": ""medium"", ""implementation_obfuscation"": ""easy"", ""recurrence_depth"": ""easy""}",easy,1,1,1,0,1.0,[1.0],"[""rd_adaptive_halting__recurrence_depth=easy_clue_clarity=medium_visible_tests=easy_implementation_obfuscation=easy_batching_complexity=easy__seed-0""]","[""compile_only""]"
rd_adaptive_halting,recurrent_depth_behavioral,visible_tests,"{""batching_complexity"": ""hard"", ""clue_clarity"": ""easy"", ""implementation_obfuscation"": ""easy"", ""recurrence_depth"": ""easy""}",easy,1,1,1,0,1.0,[1.0],"[""rd_adaptive_halting__recurrence_depth=easy_clue_clarity=easy_visible_tests=easy_implementation_obfuscation=easy_batching_complexity=hard__seed-0""]","[""compile_only""]"
rd_adaptive_halting,recurrent_depth_behavioral,visible_tests,"{""batching_complexity"": ""medium"", ""clue_clarity"": ""easy"", ""implementation_obfuscation"": ""easy"", ""recurrence_depth"": ""easy""}",easy,1,1,1,0,1.0,[1.0],"[""rd_adaptive_halting__recurrence_depth=easy_clue_clarity=easy_visible_tests=easy_implementation_obfuscation=easy_batching_complexity=medium__seed-0""]","[""compile_only""]"
rd_gradient_credit,recurrent_depth_behavioral,batching_complexity,"{""clue_clarity"": ""easy"", ""implementation_obfuscation"": ""easy"", ""recurrence_depth"": ""easy"", ""visible_tests"": ""easy""}",easy,1,1,1,0,1.0,[1.0],"[""rd_gradient_credit__recurrence_depth=easy_clue_clarity=easy_visible_tests=easy_implementation_obfuscation=easy_batching_complexity=easy__seed-0""]","[""compile_only""]"
rd_gradient_credit,recurrent_depth_behavioral,batching_complexity,"{""clue_clarity"": ""easy"", ""implementation_obfuscation"": ""easy"", ""recurrence_depth"": ""easy"", ""visible_tests"": ""easy""}",hard,1,1,1,0,1.0,[1.0],"[""rd_gradient_credit__recurrence_depth=easy_clue_clarity=easy_visible_tests=easy_implementation_obfuscation=easy_batching_complexity=hard__seed-0""]","[""compile_only""]"
rd_gradient_credit,recurrent_depth_behavioral,batching_complexity,"{""clue_clarity"": ""easy"", ""implementation_obfuscation"": ""easy"", ""recurrence_depth"": ""easy"", ""visible_tests"": ""easy""}",medium,1,1,1,0,1.0,[1.0],"[""rd_gradient_credit__recurrence_depth=easy_clue_clarity=easy_visible_tests=easy_implementation_obfuscation=easy_batching_complexity=medium__seed-0""]","[""compile_only""]"
rd_gradient_credit,recurrent_depth_behavioral,batching_complexity,"{""clue_clarity"": ""easy"", ""implementation_obfuscation"": ""easy"", ""recurrence_depth"": ""easy"", ""visible_tests"": ""hard""}",easy,1,1,1,0,1.0,[1.0],"[""rd_gradient_credit__recurrence_depth=easy_clue_clarity=easy_visible_tests=hard_implementation_obfuscation=easy_batching_complexity=easy__seed-0""]","[""compile_only""]"
rd_gradient_credit,recurrent_depth_behavioral,batching_complexity,"{""clue_clarity"": ""easy"", ""implementation_obfuscation"": ""easy"", ""recurrence_depth"": ""easy"", ""visible_tests"": ""medium""}",easy,1,1,1,0,1.0,[1.0],"[""rd_gradient_credit__recurrence_depth=easy_clue_clarity=easy_visible_tests=medium_implementation_obfuscation=easy_batching_complexity=easy__seed-0""]","[""compile_only""]"
rd_gradient_credit,recurrent_depth_behavioral,batching_complexity,"{""clue_clarity"": ""easy"", ""implementation_obfuscation"": ""easy"", ""recurrence_depth"": ""hard"", ""visible_tests"": ""easy""}",easy,1,1,1,0,1.0,[1.0],"[""rd_gradient_credit__recurrence_depth=hard_clue_clarity=easy_visible_tests=easy_implementation_obfuscation=easy_batching_complexity=easy__seed-0""]","[""compile_only""]"
rd_gradient_credit,recurrent_depth_behavioral,batching_complexity,"{""clue_clarity"": ""easy"", ""implementation_obfuscation"": ""easy"", ""recurrence_depth"": ""medium"", ""visible_tests"": ""easy""}",easy,1,1,1,0,1.0,[1.0],"[""rd_gradient_credit__recurrence_depth=medium_clue_clarity=easy_visible_tests=easy_implementation_obfuscation=easy_batching_complexity=easy__seed-0""]","[""compile_only""]"
rd_gradient_credit,recurrent_depth_behavioral,batching_complexity,"{""clue_clarity"": ""easy"", ""implementation_obfuscation"": ""hard"", ""recurrence_depth"": ""easy"", ""visible_tests"": ""easy""}",easy,1,1,1,0,1.0,[1.0],"[""rd_gradient_credit__recurrence_depth=easy_clue_clarity=easy_visible_tests=easy_implementation_obfuscation=hard_batching_complexity=easy__seed-0""]","[""compile_only""]"
rd_gradient_credit,recurrent_depth_behavioral,batching_complexity,"{""clue_clarity"": ""easy"", ""implementation_obfuscation"": ""medium"", ""recurrence_depth"": ""easy"", ""visible_tests"": ""easy""}",easy,1,1,1,0,1.0,[1.0],"[""rd_gradient_credit__recurrence_depth=easy_clue_clarity=easy_visible_tests=easy_implementation_obfuscation=medium_batching_complexity=easy__seed-0""]","[""compile_only""]"
rd_gradient_credit,recurrent_depth_behavioral,batching_complexity,"{""clue_clarity"": ""hard"", ""implementation_obfuscation"": ""easy"", ""recurrence_depth"": ""easy"", ""visible_tests"": ""easy""}",easy,1,1,1,0,1.0,[1.0],"[""rd_gradient_credit__recurrence_depth=easy_clue_clarity=hard_visible_tests=easy_implementation_obfuscation=easy_batching_complexity=easy__seed-0""]","[""compile_only""]"
rd_gradient_credit,recurrent_depth_behavioral,batching_complexity,"{""clue_clarity"": ""medium"", ""implementation_obfuscation"": ""easy"", ""recurrence_depth"": ""easy"", ""visible_tests"": ""easy""}",easy,1,1,1,0,1.0,[1.0],"[""rd_gradient_credit__recurrence_depth=easy_clue_clarity=medium_visible_tests=easy_implementation_obfuscation=easy_batching_complexity=easy__seed-0""]","[""compile_only""]"
rd_gradient_credit,recurrent_depth_behavioral,clue_clarity,"{""batching_complexity"": ""easy"", ""implementation_obfuscation"": ""easy"", ""recurrence_depth"": ""easy"", ""visible_tests"": ""easy""}",easy,1,1,1,0,1.0,[1.0],"[""rd_gradient_credit__recurrence_depth=easy_clue_clarity=easy_visible_tests=easy_implementation_obfuscation=easy_batching_complexity=easy__seed-0""]","[""compile_only""]"
rd_gradient_credit,recurrent_depth_behavioral,clue_clarity,"{""batching_complexity"": ""easy"", ""implementation_obfuscation"": ""easy"", ""recurrence_depth"": ""easy"", ""visible_tests"": ""easy""}",hard,1,1,1,0,1.0,[1.0],"[""rd_gradient_credit__recurrence_depth=easy_clue_clarity=hard_visible_tests=easy_implementation_obfuscation=easy_batching_complexity=easy__seed-0""]","[""compile_only""]"
rd_gradient_credit,recurrent_depth_behavioral,clue_clarity,"{""batching_complexity"": ""easy"", ""implementation_obfuscation"": ""easy"", ""recurrence_depth"": ""easy"", ""visible_tests"": ""easy""}",medium,1,1,1,0,1.0,[1.0],"[""rd_gradient_credit__recurrence_depth=easy_clue_clarity=medium_visible_tests=easy_implementation_obfuscation=easy_batching_complexity=easy__seed-0""]","[""compile_only""]"
rd_gradient_credit,recurrent_depth_behavioral,clue_clarity,"{""batching_complexity"": ""easy"", ""implementation_obfuscation"": ""easy"", ""recurrence_depth"": ""easy"", ""visible_tests"": ""hard""}",easy,1,1,1,0,1.0,[1.0],"[""rd_gradient_credit__recurrence_depth=easy_clue_clarity=easy_visible_tests=hard_implementation_obfuscation=easy_batching_complexity=easy__seed-0""]","[""compile_only""]"
rd_gradient_credit,recurrent_depth_behavioral,clue_clarity,"{""batching_complexity"": ""easy"", ""implementation_obfuscation"": ""easy"", ""recurrence_depth"": ""easy"", ""visible_tests"": ""medium""}",easy,1,1,1,0,1.0,[1.0],"[""rd_gradient_credit__recurrence_depth=easy_clue_clarity=easy_visible_tests=medium_implementation_obfuscation=easy_batching_complexity=easy__seed-0""]","[""compile_only""]"
rd_gradient_credit,recurrent_depth_behavioral,clue_clarity,"{""batching_complexity"": ""easy"", ""implementation_obfuscation"": ""easy"", ""recurrence_depth"": ""hard"", ""visible_tests"": ""easy""}",easy,1,1,1,0,1.0,[1.0],"[""rd_gradient_credit__recurrence_depth=hard_clue_clarity=easy_visible_tests=easy_implementation_obfuscation=easy_batching_complexity=easy__seed-0""]","[""compile_only""]"
rd_gradient_credit,recurrent_depth_behavioral,clue_clarity,"{""batching_complexity"": ""easy"", ""implementation_obfuscation"": ""easy"", ""recurrence_depth"": ""medium"", ""visible_tests"": ""easy""}",easy,1,1,1,0,1.0,[1.0],"[""rd_gradient_credit__recurrence_depth=medium_clue_clarity=easy_visible_tests=easy_implementation_obfuscation=easy_batching_complexity=easy__seed-0""]","[""compile_only""]"
rd_gradient_credit,recurrent_depth_behavioral,clue_clarity,"{""batching_complexity"": ""easy"", ""implementation_obfuscation"": ""hard"", ""recurrence_depth"": ""easy"", ""visible_tests"": ""easy""}",easy,1,1,1,0,1.0,[1.0],"[""rd_gradient_credit__recurrence_depth=easy_clue_clarity=easy_visible_tests=easy_implementation_obfuscation=hard_batching_complexity=easy__seed-0""]","[""compile_only""]"
rd_gradient_credit,recurrent_depth_behavioral,clue_clarity,"{""batching_complexity"": ""easy"", ""implementation_obfuscation"": ""medium"", ""recurrence_depth"": ""easy"", ""visible_tests"": ""easy""}",easy,1,1,1,0,1.0,[1.0],"[""rd_gradient_credit__recurrence_depth=easy_clue_clarity=easy_visible_tests=easy_implementation_obfuscation=medium_batching_complexity=easy__seed-0""]","[""compile_only""]"
rd_gradient_credit,recurrent_depth_behavioral,clue_clarity,"{""batching_complexity"": ""hard"", ""implementation_obfuscation"": ""easy"", ""recurrence_depth"": ""easy"", ""visible_tests"": ""easy""}",easy,1,1,1,0,1.0,[1.0],"[""rd_gradient_credit__recurrence_depth=easy_clue_clarity=easy_visible_tests=easy_implementation_obfuscation=easy_batching_complexity=hard__seed-0""]","[""compile_only""]"
rd_gradient_credit,recurrent_depth_behavioral,clue_clarity,"{""batching_complexity"": ""medium"", ""implementation_obfuscation"": ""easy"", ""recurrence_depth"": ""easy"", ""visible_tests"": ""easy""}",easy,1,1,1,0,1.0,[1.0],"[""rd_gradient_credit__recurrence_depth=easy_clue_clarity=easy_visible_tests=easy_implementation_obfuscation=easy_batching_complexity=medium__seed-0""]","[""compile_only""]"
rd_gradient_credit,recurrent_depth_behavioral,implementation_obfuscation,"{""batching_complexity"": ""easy"", ""clue_clarity"": ""easy"", ""recurrence_depth"": ""easy"", ""visible_tests"": ""easy""}",easy,1,1,1,0,1.0,[1.0],"[""rd_gradient_credit__recurrence_depth=easy_clue_clarity=easy_visible_tests=easy_implementation_obfuscation=easy_batching_complexity=easy__seed-0""]","[""compile_only""]"
rd_gradient_credit,recurrent_depth_behavioral,implementation_obfuscation,"{""batching_complexity"": ""easy"", ""clue_clarity"": ""easy"", ""recurrence_depth"": ""easy"", ""visible_tests"": ""easy""}",hard,1,1,1,0,1.0,[1.0],"[""rd_gradient_credit__recurrence_depth=easy_clue_clarity=easy_visible_tests=easy_implementation_obfuscation=hard_batching_complexity=easy__seed-0""]","[""compile_only""]"
rd_gradient_credit,recurrent_depth_behavioral,implementation_obfuscation,"{""batching_complexity"": ""easy"", ""clue_clarity"": ""easy"", ""recurrence_depth"": ""easy"", ""visible_tests"": ""easy""}",medium,1,1,1,0,1.0,[1.0],"[""rd_gradient_credit__recurrence_depth=easy_clue_clarity=easy_visible_tests=easy_implementation_obfuscation=medium_batching_complexity=easy__seed-0""]","[""compile_only""]"
rd_gradient_credit,recurrent_depth_behavioral,implementation_obfuscation,"{""batching_complexity"": ""easy"", ""clue_clarity"": ""easy"", ""recurrence_depth"": ""easy"", ""visible_tests"": ""hard""}",easy,1,1,1,0,1.0,[1.0],"[""rd_gradient_credit__recurrence_depth=easy_clue_clarity=easy_visible_tests=hard_implementation_obfuscation=easy_batching_complexity=easy__seed-0""]","[""compile_only""]"
rd_gradient_credit,recurrent_depth_behavioral,implementation_obfuscation,"{""batching_complexity"": ""easy"", ""clue_clarity"": ""easy"", ""recurrence_depth"": ""easy"", ""visible_tests"": ""medium""}",easy,1,1,1,0,1.0,[1.0],"[""rd_gradient_credit__recurrence_depth=easy_clue_clarity=easy_visible_tests=medium_implementation_obfuscation=easy_batching_complexity=easy__seed-0""]","[""compile_only""]"
rd_gradient_credit,recurrent_depth_behavioral,implementation_obfuscation,"{""batching_complexity"": ""easy"", ""clue_clarity"": ""easy"", ""recurrence_depth"": ""hard"", ""visible_tests"": ""easy""}",easy,1,1,1,0,1.0,[1.0],"[""rd_gradient_credit__recurrence_depth=hard_clue_clarity=easy_visible_tests=easy_implementation_obfuscation=easy_batching_complexity=easy__seed-0""]","[""compile_only""]"
rd_gradient_credit,recurrent_depth_behavioral,implementation_obfuscation,"{""batching_complexity"": ""easy"", ""clue_clarity"": ""easy"", ""recurrence_depth"": ""medium"", ""visible_tests"": ""easy""}",easy,1,1,1,0,1.0,[1.0],"[""rd_gradient_credit__recurrence_depth=medium_clue_clarity=easy_visible_tests=easy_implementation_obfuscation=easy_batching_complexity=easy__seed-0""]","[""compile_only""]"
rd_gradient_credit,recurrent_depth_behavioral,implementation_obfuscation,"{""batching_complexity"": ""easy"", ""clue_clarity"": ""hard"", ""recurrence_depth"": ""easy"", ""visible_tests"": ""easy""}",easy,1,1,1,0,1.0,[1.0],"[""rd_gradient_credit__recurrence_depth=easy_clue_clarity=hard_visible_tests=easy_implementation_obfuscation=easy_batching_complexity=easy__seed-0""]","[""compile_only""]"
rd_gradient_credit,recurrent_depth_behavioral,implementation_obfuscation,"{""batching_complexity"": ""easy"", ""clue_clarity"": ""medium"", ""recurrence_depth"": ""easy"", ""visible_tests"": ""easy""}",easy,1,1,1,0,1.0,[1.0],"[""rd_gradient_credit__recurrence_depth=easy_clue_clarity=medium_visible_tests=easy_implementation_obfuscation=easy_batching_complexity=easy__seed-0""]","[""compile_only""]"
rd_gradient_credit,recurrent_depth_behavioral,implementation_obfuscation,"{""batching_complexity"": ""hard"", ""clue_clarity"": ""easy"", ""recurrence_depth"": ""easy"", ""visible_tests"": ""easy""}",easy,1,1,1,0,1.0,[1.0],"[""rd_gradient_credit__recurrence_depth=easy_clue_clarity=easy_visible_tests=easy_implementation_obfuscation=easy_batching_complexity=hard__seed-0""]","[""compile_only""]"
rd_gradient_credit,recurrent_depth_behavioral,implementation_obfuscation,"{""batching_complexity"": ""medium"", ""clue_clarity"": ""easy"", ""recurrence_depth"": ""easy"", ""visible_tests"": ""easy""}",easy,1,1,1,0,1.0,[1.0],"[""rd_gradient_credit__recurrence_depth=easy_clue_clarity=easy_visible_tests=easy_implementation_obfuscation=easy_batching_complexity=medium__seed-0""]","[""compile_only""]"
rd_gradient_credit,recurrent_depth_behavioral,recurrence_depth,"{""batching_complexity"": ""easy"", ""clue_clarity"": ""easy"", ""implementation_obfuscation"": ""easy"", ""visible_tests"": ""easy""}",easy,1,1,1,0,1.0,[1.0],"[""rd_gradient_credit__recurrence_depth=easy_clue_clarity=easy_visible_tests=easy_implementation_obfuscation=easy_batching_complexity=easy__seed-0""]","[""compile_only""]"
rd_gradient_credit,recurrent_depth_behavioral,recurrence_depth,"{""batching_complexity"": ""easy"", ""clue_clarity"": ""easy"", ""implementation_obfuscation"": ""easy"", ""visible_tests"": ""easy""}",hard,1,1,1,0,1.0,[1.0],"[""rd_gradient_credit__recurrence_depth=hard_clue_clarity=easy_visible_tests=easy_implementation_obfuscation=easy_batching_complexity=easy__seed-0""]","[""compile_only""]"
rd_gradient_credit,recurrent_depth_behavioral,recurrence_depth,"{""batching_complexity"": ""easy"", ""clue_clarity"": ""easy"", ""implementation_obfuscation"": ""easy"", ""visible_tests"": ""easy""}",medium,1,1,1,0,1.0,[1.0],"[""rd_gradient_credit__recurrence_depth=medium_clue_clarity=easy_visible_tests=easy_implementation_obfuscation=easy_batching_complexity=easy__seed-0""]","[""compile_only""]"
rd_gradient_credit,recurrent_depth_behavioral,recurrence_depth,"{""batching_complexity"": ""easy"", ""clue_clarity"": ""easy"", ""implementation_obfuscation"": ""easy"", ""visible_tests"": ""hard""}",easy,1,1,1,0,1.0,[1.0],"[""rd_gradient_credit__recurrence_depth=easy_clue_clarity=easy_visible_tests=hard_implementation_obfuscation=easy_batching_complexity=easy__seed-0""]","[""compile_only""]"
rd_gradient_credit,recurrent_depth_behavioral,recurrence_depth,"{""batching_complexity"": ""easy"", ""clue_clarity"": ""easy"", ""implementation_obfuscation"": ""easy"", ""visible_tests"": ""medium""}",easy,1,1,1,0,1.0,[1.0],"[""rd_gradient_credit__recurrence_depth=easy_clue_clarity=easy_visible_tests=medium_implementation_obfuscation=easy_batching_complexity=easy__seed-0""]","[""compile_only""]"
rd_gradient_credit,recurrent_depth_behavioral,recurrence_depth,"{""batching_complexity"": ""easy"", ""clue_clarity"": ""easy"", ""implementation_obfuscation"": ""hard"", ""visible_tests"": ""easy""}",easy,1,1,1,0,1.0,[1.0],"[""rd_gradient_credit__recurrence_depth=easy_clue_clarity=easy_visible_tests=easy_implementation_obfuscation=hard_batching_complexity=easy__seed-0""]","[""compile_only""]"
rd_gradient_credit,recurrent_depth_behavioral,recurrence_depth,"{""batching_complexity"": ""easy"", ""clue_clarity"": ""easy"", ""implementation_obfuscation"": ""medium"", ""visible_tests"": ""easy""}",easy,1,1,1,0,1.0,[1.0],"[""rd_gradient_credit__recurrence_depth=easy_clue_clarity=easy_visible_tests=easy_implementation_obfuscation=medium_batching_complexity=easy__seed-0""]","[""compile_only""]"
rd_gradient_credit,recurrent_depth_behavioral,recurrence_depth,"{""batching_complexity"": ""easy"", ""clue_clarity"": ""hard"", ""implementation_obfuscation"": ""easy"", ""visible_tests"": ""easy""}",easy,1,1,1,0,1.0,[1.0],"[""rd_gradient_credit__recurrence_depth=easy_clue_clarity=hard_visible_tests=easy_implementation_obfuscation=easy_batching_complexity=easy__seed-0""]","[""compile_only""]"
rd_gradient_credit,recurrent_depth_behavioral,recurrence_depth,"{""batching_complexity"": ""easy"", ""clue_clarity"": ""medium"", ""implementation_obfuscation"": ""easy"", ""visible_tests"": ""easy""}",easy,1,1,1,0,1.0,[1.0],"[""rd_gradient_credit__recurrence_depth=easy_clue_clarity=medium_visible_tests=easy_implementation_obfuscation=easy_batching_complexity=easy__seed-0""]","[""compile_only""]"
rd_gradient_credit,recurrent_depth_behavioral,recurrence_depth,"{""batching_complexity"": ""hard"", ""clue_clarity"": ""easy"", ""implementation_obfuscation"": ""easy"", ""visible_tests"": ""easy""}",easy,1,1,1,0,1.0,[1.0],"[""rd_gradient_credit__recurrence_depth=easy_clue_clarity=easy_visible_tests=easy_implementation_obfuscation=easy_batching_complexity=hard__seed-0""]","[""compile_only""]"
rd_gradient_credit,recurrent_depth_behavioral,recurrence_depth,"{""batching_complexity"": ""medium"", ""clue_clarity"": ""easy"", ""implementation_obfuscation"": ""easy"", ""visible_tests"": ""easy""}",easy,1,1,1,0,1.0,[1.0],"[""rd_gradient_credit__recurrence_depth=easy_clue_clarity=easy_visible_tests=easy_implementation_obfuscation=easy_batching_complexity=medium__seed-0""]","[""compile_only""]"
rd_gradient_credit,recurrent_depth_behavioral,visible_tests,"{""batching_complexity"": ""easy"", ""clue_clarity"": ""easy"", ""implementation_obfuscation"": ""easy"", ""recurrence_depth"": ""easy""}",easy,1,1,1,0,1.0,[1.0],"[""rd_gradient_credit__recurrence_depth=easy_clue_clarity=easy_visible_tests=easy_implementation_obfuscation=easy_batching_complexity=easy__seed-0""]","[""compile_only""]"
rd_gradient_credit,recurrent_depth_behavioral,visible_tests,"{""batching_complexity"": ""easy"", ""clue_clarity"": ""easy"", ""implementation_obfuscation"": ""easy"", ""recurrence_depth"": ""easy""}",hard,1,1,1,0,1.0,[1.0],"[""rd_gradient_credit__recurrence_depth=easy_clue_clarity=easy_visible_tests=hard_implementation_obfuscation=easy_batching_complexity=easy__seed-0""]","[""compile_only""]"
rd_gradient_credit,recurrent_depth_behavioral,visible_tests,"{""batching_complexity"": ""easy"", ""clue_clarity"": ""easy"", ""implementation_obfuscation"": ""easy"", ""recurrence_depth"": ""easy""}",medium,1,1,1,0,1.0,[1.0],"[""rd_gradient_credit__recurrence_depth=easy_clue_clarity=easy_visible_tests=medium_implementation_obfuscation=easy_batching_complexity=easy__seed-0""]","[""compile_only""]"
rd_gradient_credit,recurrent_depth_behavioral,visible_tests,"{""batching_complexity"": ""easy"", ""clue_clarity"": ""easy"", ""implementation_obfuscation"": ""easy"", ""recurrence_depth"": ""hard""}",easy,1,1,1,0,1.0,[1.0],"[""rd_gradient_credit__recurrence_depth=hard_clue_clarity=easy_visible_tests=easy_implementation_obfuscation=easy_batching_complexity=easy__seed-0""]","[""compile_only""]"
rd_gradient_credit,recurrent_depth_behavioral,visible_tests,"{""batching_complexity"": ""easy"", ""clue_clarity"": ""easy"", ""implementation_obfuscation"": ""easy"", ""recurrence_depth"": ""medium""}",easy,1,1,1,0,1.0,[1.0],"[""rd_gradient_credit__recurrence_depth=medium_clue_clarity=easy_visible_tests=easy_implementation_obfuscation=easy_batching_complexity=easy__seed-0""]","[""compile_only""]"
rd_gradient_credit,recurrent_depth_behavioral,visible_tests,"{""batching_complexity"": ""easy"", ""clue_clarity"": ""easy"", ""implementation_obfuscation"": ""hard"", ""recurrence_depth"": ""easy""}",easy,1,1,1,0,1.0,[1.0],"[""rd_gradient_credit__recurrence_depth=easy_clue_clarity=easy_visible_tests=easy_implementation_obfuscation=hard_batching_complexity=easy__seed-0""]","[""compile_only""]"
rd_gradient_credit,recurrent_depth_behavioral,visible_tests,"{""batching_complexity"": ""easy"", ""clue_clarity"": ""easy"", ""implementation_obfuscation"": ""medium"", ""recurrence_depth"": ""easy""}",easy,1,1,1,0,1.0,[1.0],"[""rd_gradient_credit__recurrence_depth=easy_clue_clarity=easy_visible_tests=easy_implementation_obfuscation=medium_batching_complexity=easy__seed-0""]","[""compile_only""]"
rd_gradient_credit,recurrent_depth_behavioral,visible_tests,"{""batching_complexity"": ""easy"", ""clue_clarity"": ""hard"", ""implementation_obfuscation"": ""easy"", ""recurrence_depth"": ""easy""}",easy,1,1,1,0,1.0,[1.0],"[""rd_gradient_credit__recurrence_depth=easy_clue_clarity=hard_visible_tests=easy_implementation_obfuscation=easy_batching_complexity=easy__seed-0""]","[""compile_only""]"
rd_gradient_credit,recurrent_depth_behavioral,visible_tests,"{""batching_complexity"": ""easy"", ""clue_clarity"": ""medium"", ""implementation_obfuscation"": ""easy"", ""recurrence_depth"": ""easy""}",easy,1,1,1,0,1.0,[1.0],"[""rd_gradient_credit__recurrence_depth=easy_clue_clarity=medium_visible_tests=easy_implementation_obfuscation=easy_batching_complexity=easy__seed-0""]","[""compile_only""]"
rd_gradient_credit,recurrent_depth_behavioral,visible_tests,"{""batching_complexity"": ""hard"", ""clue_clarity"": ""easy"", ""implementation_obfuscation"": ""easy"", ""recurrence_depth"": ""easy""}",easy,1,1,1,0,1.0,[1.0],"[""rd_gradient_credit__recurrence_depth=easy_clue_clarity=easy_visible_tests=easy_implementation_obfuscation=easy_batching_complexity=hard__seed-0""]","[""compile_only""]"
rd_gradient_credit,recurrent_depth_behavioral,visible_tests,"{""batching_complexity"": ""medium"", ""clue_clarity"": ""easy"", ""implementation_obfuscation"": ""easy"", ""recurrence_depth"": ""easy""}",easy,1,1,1,0,1.0,[1.0],"[""rd_gradient_credit__recurrence_depth=easy_clue_clarity=easy_visible_tests=easy_implementation_obfuscation=easy_batching_complexity=medium__seed-0""]","[""compile_only""]"
rd_state_carry,recurrent_depth_behavioral,batching_complexity,"{""clue_clarity"": ""easy"", ""implementation_obfuscation"": ""easy"", ""recurrence_depth"": ""easy"", ""visible_tests"": ""easy""}",easy,1,1,1,0,1.0,[1.0],"[""rd_state_carry__recurrence_depth=easy_clue_clarity=easy_visible_tests=easy_implementation_obfuscation=easy_batching_complexity=easy__seed-0""]","[""behavioral_reference""]"
rd_state_carry,recurrent_depth_behavioral,batching_complexity,"{""clue_clarity"": ""easy"", ""implementation_obfuscation"": ""easy"", ""recurrence_depth"": ""easy"", ""visible_tests"": ""easy""}",hard,1,1,1,0,1.0,[1.0],"[""rd_state_carry__recurrence_depth=easy_clue_clarity=easy_visible_tests=easy_implementation_obfuscation=easy_batching_complexity=hard__seed-0""]","[""behavioral_reference""]"
rd_state_carry,recurrent_depth_behavioral,batching_complexity,"{""clue_clarity"": ""easy"", ""implementation_obfuscation"": ""easy"", ""recurrence_depth"": ""easy"", ""visible_tests"": ""easy""}",medium,1,1,1,0,1.0,[1.0],"[""rd_state_carry__recurrence_depth=easy_clue_clarity=easy_visible_tests=easy_implementation_obfuscation=easy_batching_complexity=medium__seed-0""]","[""behavioral_reference""]"
rd_state_carry,recurrent_depth_behavioral,batching_complexity,"{""clue_clarity"": ""easy"", ""implementation_obfuscation"": ""easy"", ""recurrence_depth"": ""easy"", ""visible_tests"": ""hard""}",easy,1,1,1,0,1.0,[1.0],"[""rd_state_carry__recurrence_depth=easy_clue_clarity=easy_visible_tests=hard_implementation_obfuscation=easy_batching_complexity=easy__seed-0""]","[""behavioral_reference""]"
rd_state_carry,recurrent_depth_behavioral,batching_complexity,"{""clue_clarity"": ""easy"", ""implementation_obfuscation"": ""easy"", ""recurrence_depth"": ""easy"", ""visible_tests"": ""medium""}",easy,1,1,1,0,1.0,[1.0],"[""rd_state_carry__recurrence_depth=easy_clue_clarity=easy_visible_tests=medium_implementation_obfuscation=easy_batching_complexity=easy__seed-0""]","[""behavioral_reference""]"
rd_state_carry,recurrent_depth_behavioral,batching_complexity,"{""clue_clarity"": ""easy"", ""implementation_obfuscation"": ""easy"", ""recurrence_depth"": ""hard"", ""visible_tests"": ""easy""}",easy,1,1,1,0,1.0,[1.0],"[""rd_state_carry__recurrence_depth=hard_clue_clarity=easy_visible_tests=easy_implementation_obfuscation=easy_batching_complexity=easy__seed-0""]","[""behavioral_reference""]"
rd_state_carry,recurrent_depth_behavioral,batching_complexity,"{""clue_clarity"": ""easy"", ""implementation_obfuscation"": ""easy"", ""recurrence_depth"": ""medium"", ""visible_tests"": ""easy""}",easy,1,1,1,0,1.0,[1.0],"[""rd_state_carry__recurrence_depth=medium_clue_clarity=easy_visible_tests=easy_implementation_obfuscation=easy_batching_complexity=easy__seed-0""]","[""behavioral_reference""]"
rd_state_carry,recurrent_depth_behavioral,batching_complexity,"{""clue_clarity"": ""easy"", ""implementation_obfuscation"": ""hard"", ""recurrence_depth"": ""easy"", ""visible_tests"": ""easy""}",easy,1,1,1,0,1.0,[1.0],"[""rd_state_carry__recurrence_depth=easy_clue_clarity=easy_visible_tests=easy_implementation_obfuscation=hard_batching_complexity=easy__seed-0""]","[""behavioral_reference""]"
rd_state_carry,recurrent_depth_behavioral,batching_complexity,"{""clue_clarity"": ""easy"", ""implementation_obfuscation"": ""medium"", ""recurrence_depth"": ""easy"", ""visible_tests"": ""easy""}",easy,1,1,1,0,1.0,[1.0],"[""rd_state_carry__recurrence_depth=easy_clue_clarity=easy_visible_tests=easy_implementation_obfuscation=medium_batching_complexity=easy__seed-0""]","[""behavioral_reference""]"
rd_state_carry,recurrent_depth_behavioral,batching_complexity,"{""clue_clarity"": ""hard"", ""implementation_obfuscation"": ""easy"", ""recurrence_depth"": ""easy"", ""visible_tests"": ""easy""}",easy,1,1,1,0,1.0,[1.0],"[""rd_state_carry__recurrence_depth=easy_clue_clarity=hard_visible_tests=easy_implementation_obfuscation=easy_batching_complexity=easy__seed-0""]","[""behavioral_reference""]"
rd_state_carry,recurrent_depth_behavioral,batching_complexity,"{""clue_clarity"": ""medium"", ""implementation_obfuscation"": ""easy"", ""recurrence_depth"": ""easy"", ""visible_tests"": ""easy""}",easy,1,1,1,0,1.0,[1.0],"[""rd_state_carry__recurrence_depth=easy_clue_clarity=medium_visible_tests=easy_implementation_obfuscation=easy_batching_complexity=easy__seed-0""]","[""behavioral_reference""]"
rd_state_carry,recurrent_depth_behavioral,clue_clarity,"{""batching_complexity"": ""easy"", ""implementation_obfuscation"": ""easy"", ""recurrence_depth"": ""easy"", ""visible_tests"": ""easy""}",easy,1,1,1,0,1.0,[1.0],"[""rd_state_carry__recurrence_depth=easy_clue_clarity=easy_visible_tests=easy_implementation_obfuscation=easy_batching_complexity=easy__seed-0""]","[""behavioral_reference""]"
rd_state_carry,recurrent_depth_behavioral,clue_clarity,"{""batching_complexity"": ""easy"", ""implementation_obfuscation"": ""easy"", ""recurrence_depth"": ""easy"", ""visible_tests"": ""easy""}",hard,1,1,1,0,1.0,[1.0],"[""rd_state_carry__recurrence_depth=easy_clue_clarity=hard_visible_tests=easy_implementation_obfuscation=easy_batching_complexity=easy__seed-0""]","[""behavioral_reference""]"
rd_state_carry,recurrent_depth_behavioral,clue_clarity,"{""batching_complexity"": ""easy"", ""implementation_obfuscation"": ""easy"", ""recurrence_depth"": ""easy"", ""visible_tests"": ""easy""}",medium,1,1,1,0,1.0,[1.0],"[""rd_state_carry__recurrence_depth=easy_clue_clarity=medium_visible_tests=easy_implementation_obfuscation=easy_batching_complexity=easy__seed-0""]","[""behavioral_reference""]"
rd_state_carry,recurrent_depth_behavioral,clue_clarity,"{""batching_complexity"": ""easy"", ""implementation_obfuscation"": ""easy"", ""recurrence_depth"": ""easy"", ""visible_tests"": ""hard""}",easy,1,1,1,0,1.0,[1.0],"[""rd_state_carry__recurrence_depth=easy_clue_clarity=easy_visible_tests=hard_implementation_obfuscation=easy_batching_complexity=easy__seed-0""]","[""behavioral_reference""]"
rd_state_carry,recurrent_depth_behavioral,clue_clarity,"{""batching_complexity"": ""easy"", ""implementation_obfuscation"": ""easy"", ""recurrence_depth"": ""easy"", ""visible_tests"": ""medium""}",easy,1,1,1,0,1.0,[1.0],"[""rd_state_carry__recurrence_depth=easy_clue_clarity=easy_visible_tests=medium_implementation_obfuscation=easy_batching_complexity=easy__seed-0""]","[""behavioral_reference""]"
rd_state_carry,recurrent_depth_behavioral,clue_clarity,"{""batching_complexity"": ""easy"", ""implementation_obfuscation"": ""easy"", ""recurrence_depth"": ""hard"", ""visible_tests"": ""easy""}",easy,1,1,1,0,1.0,[1.0],"[""rd_state_carry__recurrence_depth=hard_clue_clarity=easy_visible_tests=easy_implementation_obfuscation=easy_batching_complexity=easy__seed-0""]","[""behavioral_reference""]"
rd_state_carry,recurrent_depth_behavioral,clue_clarity,"{""batching_complexity"": ""easy"", ""implementation_obfuscation"": ""easy"", ""recurrence_depth"": ""medium"", ""visible_tests"": ""easy""}",easy,1,1,1,0,1.0,[1.0],"[""rd_state_carry__recurrence_depth=medium_clue_clarity=easy_visible_tests=easy_implementation_obfuscation=easy_batching_complexity=easy__seed-0""]","[""behavioral_reference""]"
rd_state_carry,recurrent_depth_behavioral,clue_clarity,"{""batching_complexity"": ""easy"", ""implementation_obfuscation"": ""hard"", ""recurrence_depth"": ""easy"", ""visible_tests"": ""easy""}",easy,1,1,1,0,1.0,[1.0],"[""rd_state_carry__recurrence_depth=easy_clue_clarity=easy_visible_tests=easy_implementation_obfuscation=hard_batching_complexity=easy__seed-0""]","[""behavioral_reference""]"
rd_state_carry,recurrent_depth_behavioral,clue_clarity,"{""batching_complexity"": ""easy"", ""implementation_obfuscation"": ""medium"", ""recurrence_depth"": ""easy"", ""visible_tests"": ""easy""}",easy,1,1,1,0,1.0,[1.0],"[""rd_state_carry__recurrence_depth=easy_clue_clarity=easy_visible_tests=easy_implementation_obfuscation=medium_batching_complexity=easy__seed-0""]","[""behavioral_reference""]"
rd_state_carry,recurrent_depth_behavioral,clue_clarity,"{""batching_complexity"": ""hard"", ""implementation_obfuscation"": ""easy"", ""recurrence_depth"": ""easy"", ""visible_tests"": ""easy""}",easy,1,1,1,0,1.0,[1.0],"[""rd_state_carry__recurrence_depth=easy_clue_clarity=easy_visible_tests=easy_implementation_obfuscation=easy_batching_complexity=hard__seed-0""]","[""behavioral_reference""]"
rd_state_carry,recurrent_depth_behavioral,clue_clarity,"{""batching_complexity"": ""medium"", ""implementation_obfuscation"": ""easy"", ""recurrence_depth"": ""easy"", ""visible_tests"": ""easy""}",easy,1,1,1,0,1.0,[1.0],"[""rd_state_carry__recurrence_depth=easy_clue_clarity=easy_visible_tests=easy_implementation_obfuscation=easy_batching_complexity=medium__seed-0""]","[""behavioral_reference""]"
rd_state_carry,recurrent_depth_behavioral,implementation_obfuscation,"{""batching_complexity"": ""easy"", ""clue_clarity"": ""easy"", ""recurrence_depth"": ""easy"", ""visible_tests"": ""easy""}",easy,1,1,1,0,1.0,[1.0],"[""rd_state_carry__recurrence_depth=easy_clue_clarity=easy_visible_tests=easy_implementation_obfuscation=easy_batching_complexity=easy__seed-0""]","[""behavioral_reference""]"
rd_state_carry,recurrent_depth_behavioral,implementation_obfuscation,"{""batching_complexity"": ""easy"", ""clue_clarity"": ""easy"", ""recurrence_depth"": ""easy"", ""visible_tests"": ""easy""}",hard,1,1,1,0,1.0,[1.0],"[""rd_state_carry__recurrence_depth=easy_clue_clarity=easy_visible_tests=easy_implementation_obfuscation=hard_batching_complexity=easy__seed-0""]","[""behavioral_reference""]"
rd_state_carry,recurrent_depth_behavioral,implementation_obfuscation,"{""batching_complexity"": ""easy"", ""clue_clarity"": ""easy"", ""recurrence_depth"": ""easy"", ""visible_tests"": ""easy""}",medium,1,1,1,0,1.0,[1.0],"[""rd_state_carry__recurrence_depth=easy_clue_clarity=easy_visible_tests=easy_implementation_obfuscation=medium_batching_complexity=easy__seed-0""]","[""behavioral_reference""]"
rd_state_carry,recurrent_depth_behavioral,implementation_obfuscation,"{""batching_complexity"": ""easy"", ""clue_clarity"": ""easy"", ""recurrence_depth"": ""easy"", ""visible_tests"": ""hard""}",easy,1,1,1,0,1.0,[1.0],"[""rd_state_carry__recurrence_depth=easy_clue_clarity=easy_visible_tests=hard_implementation_obfuscation=easy_batching_complexity=easy__seed-0""]","[""behavioral_reference""]"
rd_state_carry,recurrent_depth_behavioral,implementation_obfuscation,"{""batching_complexity"": ""easy"", ""clue_clarity"": ""easy"", ""recurrence_depth"": ""easy"", ""visible_tests"": ""medium""}",easy,1,1,1,0,1.0,[1.0],"[""rd_state_carry__recurrence_depth=easy_clue_clarity=easy_visible_tests=medium_implementation_obfuscation=easy_batching_complexity=easy__seed-0""]","[""behavioral_reference""]"
rd_state_carry,recurrent_depth_behavioral,implementation_obfuscation,"{""batching_complexity"": ""easy"", ""clue_clarity"": ""easy"", ""recurrence_depth"": ""hard"", ""visible_tests"": ""easy""}",easy,1,1,1,0,1.0,[1.0],"[""rd_state_carry__recurrence_depth=hard_clue_clarity=easy_visible_tests=easy_implementation_obfuscation=easy_batching_complexity=easy__seed-0""]","[""behavioral_reference""]"
rd_state_carry,recurrent_depth_behavioral,implementation_obfuscation,"{""batching_complexity"": ""easy"", ""clue_clarity"": ""easy"", ""recurrence_depth"": ""medium"", ""visible_tests"": ""easy""}",easy,1,1,1,0,1.0,[1.0],"[""rd_state_carry__recurrence_depth=medium_clue_clarity=easy_visible_tests=easy_implementation_obfuscation=easy_batching_complexity=easy__seed-0""]","[""behavioral_reference""]"
rd_state_carry,recurrent_depth_behavioral,implementation_obfuscation,"{""batching_complexity"": ""easy"", ""clue_clarity"": ""hard"", ""recurrence_depth"": ""easy"", ""visible_tests"": ""easy""}",easy,1,1,1,0,1.0,[1.0],"[""rd_state_carry__recurrence_depth=easy_clue_clarity=hard_visible_tests=easy_implementation_obfuscation=easy_batching_complexity=easy__seed-0""]","[""behavioral_reference""]"
rd_state_carry,recurrent_depth_behavioral,implementation_obfuscation,"{""batching_complexity"": ""easy"", ""clue_clarity"": ""medium"", ""recurrence_depth"": ""easy"", ""visible_tests"": ""easy""}",easy,1,1,1,0,1.0,[1.0],"[""rd_state_carry__recurrence_depth=easy_clue_clarity=medium_visible_tests=easy_implementation_obfuscation=easy_batching_complexity=easy__seed-0""]","[""behavioral_reference""]"
rd_state_carry,recurrent_depth_behavioral,implementation_obfuscation,"{""batching_complexity"": ""hard"", ""clue_clarity"": ""easy"", ""recurrence_depth"": ""easy"", ""visible_tests"": ""easy""}",easy,1,1,1,0,1.0,[1.0],"[""rd_state_carry__recurrence_depth=easy_clue_clarity=easy_visible_tests=easy_implementation_obfuscation=easy_batching_complexity=hard__seed-0""]","[""behavioral_reference""]"
rd_state_carry,recurrent_depth_behavioral,implementation_obfuscation,"{""batching_complexity"": ""medium"", ""clue_clarity"": ""easy"", ""recurrence_depth"": ""easy"", ""visible_tests"": ""easy""}",easy,1,1,1,0,1.0,[1.0],"[""rd_state_carry__recurrence_depth=easy_clue_clarity=easy_visible_tests=easy_implementation_obfuscation=easy_batching_complexity=medium__seed-0""]","[""behavioral_reference""]"
rd_state_carry,recurrent_depth_behavioral,recurrence_depth,"{""batching_complexity"": ""easy"", ""clue_clarity"": ""easy"", ""implementation_obfuscation"": ""easy"", ""visible_tests"": ""easy""}",easy,1,1,1,0,1.0,[1.0],"[""rd_state_carry__recurrence_depth=easy_clue_clarity=easy_visible_tests=easy_implementation_obfuscation=easy_batching_complexity=easy__seed-0""]","[""behavioral_reference""]"
rd_state_carry,recurrent_depth_behavioral,recurrence_depth,"{""batching_complexity"": ""easy"", ""clue_clarity"": ""easy"", ""implementation_obfuscation"": ""easy"", ""visible_tests"": ""easy""}",hard,1,1,1,0,1.0,[1.0],"[""rd_state_carry__recurrence_depth=hard_clue_clarity=easy_visible_tests=easy_implementation_obfuscation=easy_batching_complexity=easy__seed-0""]","[""behavioral_reference""]"
rd_state_carry,recurrent_depth_behavioral,recurrence_depth,"{""batching_complexity"": ""easy"", ""clue_clarity"": ""easy"", ""implementation_obfuscation"": ""easy"", ""visible_tests"": ""easy""}",medium,1,1,1,0,1.0,[1.0],"[""rd_state_carry__recurrence_depth=medium_clue_clarity=easy_visible_tests=easy_implementation_obfuscation=easy_batching_complexity=easy__seed-0""]","[""behavioral_reference""]"
rd_state_carry,recurrent_depth_behavioral,recurrence_depth,"{""batching_complexity"": ""easy"", ""clue_clarity"": ""easy"", ""implementation_obfuscation"": ""easy"", ""visible_tests"": ""hard""}",easy,1,1,1,0,1.0,[1.0],"[""rd_state_carry__recurrence_depth=easy_clue_clarity=easy_visible_tests=hard_implementation_obfuscation=easy_batching_complexity=easy__seed-0""]","[""behavioral_reference""]"
rd_state_carry,recurrent_depth_behavioral,recurrence_depth,"{""batching_complexity"": ""easy"", ""clue_clarity"": ""easy"", ""implementation_obfuscation"": ""easy"", ""visible_tests"": ""medium""}",easy,1,1,1,0,1.0,[1.0],"[""rd_state_carry__recurrence_depth=easy_clue_clarity=easy_visible_tests=medium_implementation_obfuscation=easy_batching_complexity=easy__seed-0""]","[""behavioral_reference""]"
rd_state_carry,recurrent_depth_behavioral,recurrence_depth,"{""batching_complexity"": ""easy"", ""clue_clarity"": ""easy"", ""implementation_obfuscation"": ""hard"", ""visible_tests"": ""easy""}",easy,1,1,1,0,1.0,[1.0],"[""rd_state_carry__recurrence_depth=easy_clue_clarity=easy_visible_tests=easy_implementation_obfuscation=hard_batching_complexity=easy__seed-0""]","[""behavioral_reference""]"
rd_state_carry,recurrent_depth_behavioral,recurrence_depth,"{""batching_complexity"": ""easy"", ""clue_clarity"": ""easy"", ""implementation_obfuscation"": ""medium"", ""visible_tests"": ""easy""}",easy,1,1,1,0,1.0,[1.0],"[""rd_state_carry__recurrence_depth=easy_clue_clarity=easy_visible_tests=easy_implementation_obfuscation=medium_batching_complexity=easy__seed-0""]","[""behavioral_reference""]"
rd_state_carry,recurrent_depth_behavioral,recurrence_depth,"{""batching_complexity"": ""easy"", ""clue_clarity"": ""hard"", ""implementation_obfuscation"": ""easy"", ""visible_tests"": ""easy""}",easy,1,1,1,0,1.0,[1.0],"[""rd_state_carry__recurrence_depth=easy_clue_clarity=hard_visible_tests=easy_implementation_obfuscation=easy_batching_complexity=easy__seed-0""]","[""behavioral_reference""]"
rd_state_carry,recurrent_depth_behavioral,recurrence_depth,"{""batching_complexity"": ""easy"", ""clue_clarity"": ""medium"", ""implementation_obfuscation"": ""easy"", ""visible_tests"": ""easy""}",easy,1,1,1,0,1.0,[1.0],"[""rd_state_carry__recurrence_depth=easy_clue_clarity=medium_visible_tests=easy_implementation_obfuscation=easy_batching_complexity=easy__seed-0""]","[""behavioral_reference""]"
rd_state_carry,recurrent_depth_behavioral,recurrence_depth,"{""batching_complexity"": ""hard"", ""clue_clarity"": ""easy"", ""implementation_obfuscation"": ""easy"", ""visible_tests"": ""easy""}",easy,1,1,1,0,1.0,[1.0],"[""rd_state_carry__recurrence_depth=easy_clue_clarity=easy_visible_tests=easy_implementation_obfuscation=easy_batching_complexity=hard__seed-0""]","[""behavioral_reference""]"
rd_state_carry,recurrent_depth_behavioral,recurrence_depth,"{""batching_complexity"": ""medium"", ""clue_clarity"": ""easy"", ""implementation_obfuscation"": ""easy"", ""visible_tests"": ""easy""}",easy,1,1,1,0,1.0,[1.0],"[""rd_state_carry__recurrence_depth=easy_clue_clarity=easy_visible_tests=easy_implementation_obfuscation=easy_batching_complexity=medium__seed-0""]","[""behavioral_reference""]"
rd_state_carry,recurrent_depth_behavioral,visible_tests,"{""batching_complexity"": ""easy"", ""clue_clarity"": ""easy"", ""implementation_obfuscation"": ""easy"", ""recurrence_depth"": ""easy""}",easy,1,1,1,0,1.0,[1.0],"[""rd_state_carry__recurrence_depth=easy_clue_clarity=easy_visible_tests=easy_implementation_obfuscation=easy_batching_complexity=easy__seed-0""]","[""behavioral_reference""]"
rd_state_carry,recurrent_depth_behavioral,visible_tests,"{""batching_complexity"": ""easy"", ""clue_clarity"": ""easy"", ""implementation_obfuscation"": ""easy"", ""recurrence_depth"": ""easy""}",hard,1,1,1,0,1.0,[1.0],"[""rd_state_carry__recurrence_depth=easy_clue_clarity=easy_visible_tests=hard_implementation_obfuscation=easy_batching_complexity=easy__seed-0""]","[""behavioral_reference""]"
rd_state_carry,recurrent_depth_behavioral,visible_tests,"{""batching_complexity"": ""easy"", ""clue_clarity"": ""easy"", ""implementation_obfuscation"": ""easy"", ""recurrence_depth"": ""easy""}",medium,1,1,1,0,1.0,[1.0],"[""rd_state_carry__recurrence_depth=easy_clue_clarity=easy_visible_tests=medium_implementation_obfuscation=easy_batching_complexity=easy__seed-0""]","[""behavioral_reference""]"
rd_state_carry,recurrent_depth_behavioral,visible_tests,"{""batching_complexity"": ""easy"", ""clue_clarity"": ""easy"", ""implementation_obfuscation"": ""easy"", ""recurrence_depth"": ""hard""}",easy,1,1,1,0,1.0,[1.0],"[""rd_state_carry__recurrence_depth=hard_clue_clarity=easy_visible_tests=easy_implementation_obfuscation=easy_batching_complexity=easy__seed-0""]","[""behavioral_reference""]"
rd_state_carry,recurrent_depth_behavioral,visible_tests,"{""batching_complexity"": ""easy"", ""clue_clarity"": ""easy"", ""implementation_obfuscation"": ""easy"", ""recurrence_depth"": ""medium""}",easy,1,1,1,0,1.0,[1.0],"[""rd_state_carry__recurrence_depth=medium_clue_clarity=easy_visible_tests=easy_implementation_obfuscation=easy_batching_complexity=easy__seed-0""]","[""behavioral_reference""]"
rd_state_carry,recurrent_depth_behavioral,visible_tests,"{""batching_complexity"": ""easy"", ""clue_clarity"": ""easy"", ""implementation_obfuscation"": ""hard"", ""recurrence_depth"": ""easy""}",easy,1,1,1,0,1.0,[1.0],"[""rd_state_carry__recurrence_depth=easy_clue_clarity=easy_visible_tests=easy_implementation_obfuscation=hard_batching_complexity=easy__seed-0""]","[""behavioral_reference""]"
rd_state_carry,recurrent_depth_behavioral,visible_tests,"{""batching_complexity"": ""easy"", ""clue_clarity"": ""easy"", ""implementation_obfuscation"": ""medium"", ""recurrence_depth"": ""easy""}",easy,1,1,1,0,1.0,[1.0],"[""rd_state_carry__recurrence_depth=easy_clue_clarity=easy_visible_tests=easy_implementation_obfuscation=medium_batching_complexity=easy__seed-0""]","[""behavioral_reference""]"
rd_state_carry,recurrent_depth_behavioral,visible_tests,"{""batching_complexity"": ""easy"", ""clue_clarity"": ""hard"", ""implementation_obfuscation"": ""easy"", ""recurrence_depth"": ""easy""}",easy,1,1,1,0,1.0,[1.0],"[""rd_state_carry__recurrence_depth=easy_clue_clarity=hard_visible_tests=easy_implementation_obfuscation=easy_batching_complexity=easy__seed-0""]","[""behavioral_reference""]"
rd_state_carry,recurrent_depth_behavioral,visible_tests,"{""batching_complexity"": ""easy"", ""clue_clarity"": ""medium"", ""implementation_obfuscation"": ""easy"", ""recurrence_depth"": ""easy""}",easy,1,1,1,0,1.0,[1.0],"[""rd_state_carry__recurrence_depth=easy_clue_clarity=medium_visible_tests=easy_implementation_obfuscation=easy_batching_complexity=easy__seed-0""]","[""behavioral_reference""]"
rd_state_carry,recurrent_depth_behavioral,visible_tests,"{""batching_complexity"": ""hard"", ""clue_clarity"": ""easy"", ""implementation_obfuscation"": ""easy"", ""recurrence_depth"": ""easy""}",easy,1,1,1,0,1.0,[1.0],"[""rd_state_carry__recurrence_depth=easy_clue_clarity=easy_visible_tests=easy_implementation_obfuscation=easy_batching_complexity=hard__seed-0""]","[""behavioral_reference""]"
rd_state_carry,recurrent_depth_behavioral,visible_tests,"{""batching_complexity"": ""medium"", ""clue_clarity"": ""easy"", ""implementation_obfuscation"": ""easy"", ""recurrence_depth"": ""easy""}",easy,1,1,1,0,1.0,[1.0],"[""rd_state_carry__recurrence_depth=easy_clue_clarity=easy_visible_tests=easy_implementation_obfuscation=easy_batching_complexity=medium__seed-0""]","[""behavioral_reference""]"
regex_state_machine,weird_machine,hidden_depth,"{""surface_deceptiveness"": ""easy""}",easy,1,1,1,0,1.0,[1.0],"[""regex_state_machine__surface_deceptiveness=easy_hidden_depth=easy__seed-0""]","[""behavioral_reference""]"
regex_state_machine,weird_machine,hidden_depth,"{""surface_deceptiveness"": ""easy""}",hard,1,1,1,0,1.0,[1.0],"[""regex_state_machine__surface_deceptiveness=easy_hidden_depth=hard__seed-0""]","[""behavioral_reference""]"
regex_state_machine,weird_machine,hidden_depth,"{""surface_deceptiveness"": ""easy""}",medium,1,1,1,0,1.0,[1.0],"[""regex_state_machine__surface_deceptiveness=easy_hidden_depth=medium__seed-0""]","[""behavioral_reference""]"
regex_state_machine,weird_machine,hidden_depth,"{""surface_deceptiveness"": ""hard""}",easy,1,1,0,1,0.0,[0.208333],"[""regex_state_machine__surface_deceptiveness=hard_hidden_depth=easy__seed-0""]","[""behavioral_reference""]"
regex_state_machine,weird_machine,hidden_depth,"{""surface_deceptiveness"": ""medium""}",easy,1,1,0,1,0.0,[0.208333],"[""regex_state_machine__surface_deceptiveness=medium_hidden_depth=easy__seed-0""]","[""behavioral_reference""]"
regex_state_machine,weird_machine,surface_deceptiveness,"{""hidden_depth"": ""easy""}",easy,1,1,1,0,1.0,[1.0],"[""regex_state_machine__surface_deceptiveness=easy_hidden_depth=easy__seed-0""]","[""behavioral_reference""]"
regex_state_machine,weird_machine,surface_deceptiveness,"{""hidden_depth"": ""easy""}",hard,1,1,0,1,0.0,[0.208333],"[""regex_state_machine__surface_deceptiveness=hard_hidden_depth=easy__seed-0""]","[""behavioral_reference""]"
regex_state_machine,weird_machine,surface_deceptiveness,"{""hidden_depth"": ""easy""}",medium,1,1,0,1,0.0,[0.208333],"[""regex_state_machine__surface_deceptiveness=medium_hidden_depth=easy__seed-0""]","[""behavioral_reference""]"
regex_state_machine,weird_machine,surface_deceptiveness,"{""hidden_depth"": ""hard""}",easy,1,1,1,0,1.0,[1.0],"[""regex_state_machine__surface_deceptiveness=easy_hidden_depth=hard__seed-0""]","[""behavioral_reference""]"
regex_state_machine,weird_machine,surface_deceptiveness,"{""hidden_depth"": ""medium""}",easy,1,1,1,0,1.0,[1.0],"[""regex_state_machine__surface_deceptiveness=easy_hidden_depth=medium__seed-0""]","[""behavioral_reference""]"
semiring_unification,category_theoretic_compositional,naming,"{""symptom_mask"": ""easy""}",easy,1,1,1,0,1.0,[1.0],"[""semiring_unification__naming=easy_symptom_mask=easy__seed-0""]","[""compile_only""]"
semiring_unification,category_theoretic_compositional,naming,"{""symptom_mask"": ""easy""}",hard,1,1,1,0,1.0,[1.0],"[""semiring_unification__naming=hard_symptom_mask=easy__seed-0""]","[""compile_only""]"
semiring_unification,category_theoretic_compositional,naming,"{""symptom_mask"": ""easy""}",medium,1,1,1,0,1.0,[1.0],"[""semiring_unification__naming=medium_symptom_mask=easy__seed-0""]","[""compile_only""]"
semiring_unification,category_theoretic_compositional,naming,"{""symptom_mask"": ""hard""}",easy,1,1,1,0,1.0,[1.0],"[""semiring_unification__naming=easy_symptom_mask=hard__seed-0""]","[""compile_only""]"
semiring_unification,category_theoretic_compositional,naming,"{""symptom_mask"": ""medium""}",easy,1,1,1,0,1.0,[1.0],"[""semiring_unification__naming=easy_symptom_mask=medium__seed-0""]","[""compile_only""]"
semiring_unification,category_theoretic_compositional,symptom_mask,"{""naming"": ""easy""}",easy,1,1,1,0,1.0,[1.0],"[""semiring_unification__naming=easy_symptom_mask=easy__seed-0""]","[""compile_only""]"
semiring_unification,category_theoretic_compositional,symptom_mask,"{""naming"": ""easy""}",hard,1,1,1,0,1.0,[1.0],"[""semiring_unification__naming=easy_symptom_mask=hard__seed-0""]","[""compile_only""]"
semiring_unification,category_theoretic_compositional,symptom_mask,"{""naming"": ""easy""}",medium,1,1,1,0,1.0,[1.0],"[""semiring_unification__naming=easy_symptom_mask=medium__seed-0""]","[""compile_only""]"
semiring_unification,category_theoretic_compositional,symptom_mask,"{""naming"": ""hard""}",easy,1,1,1,0,1.0,[1.0],"[""semiring_unification__naming=hard_symptom_mask=easy__seed-0""]","[""compile_only""]"
semiring_unification,category_theoretic_compositional,symptom_mask,"{""naming"": ""medium""}",easy,1,1,1,0,1.0,[1.0],"[""semiring_unification__naming=medium_symptom_mask=easy__seed-0""]","[""compile_only""]"
sheaf_invariant_gluing,category_theoretic_compositional,naming,"{""symptom_mask"": ""easy""}",easy,1,1,1,0,1.0,[1.0],"[""sheaf_invariant_gluing__naming=easy_symptom_mask=easy__seed-0""]","[""compile_only""]"
sheaf_invariant_gluing,category_theoretic_compositional,naming,"{""symptom_mask"": ""easy""}",hard,1,1,1,0,1.0,[1.0],"[""sheaf_invariant_gluing__naming=hard_symptom_mask=easy__seed-0""]","[""compile_only""]"
sheaf_invariant_gluing,category_theoretic_compositional,naming,"{""symptom_mask"": ""easy""}",medium,1,1,1,0,1.0,[1.0],"[""sheaf_invariant_gluing__naming=medium_symptom_mask=easy__seed-0""]","[""compile_only""]"
sheaf_invariant_gluing,category_theoretic_compositional,naming,"{""symptom_mask"": ""hard""}",easy,1,1,1,0,1.0,[1.0],"[""sheaf_invariant_gluing__naming=easy_symptom_mask=hard__seed-0""]","[""compile_only""]"
sheaf_invariant_gluing,category_theoretic_compositional,naming,"{""symptom_mask"": ""medium""}",easy,1,1,1,0,1.0,[1.0],"[""sheaf_invariant_gluing__naming=easy_symptom_mask=medium__seed-0""]","[""compile_only""]"
sheaf_invariant_gluing,category_theoretic_compositional,symptom_mask,"{""naming"": ""easy""}",easy,1,1,1,0,1.0,[1.0],"[""sheaf_invariant_gluing__naming=easy_symptom_mask=easy__seed-0""]","[""compile_only""]"
sheaf_invariant_gluing,category_theoretic_compositional,symptom_mask,"{""naming"": ""easy""}",hard,1,1,1,0,1.0,[1.0],"[""sheaf_invariant_gluing__naming=easy_symptom_mask=hard__seed-0""]","[""compile_only""]"
sheaf_invariant_gluing,category_theoretic_compositional,symptom_mask,"{""naming"": ""easy""}",medium,1,1,1,0,1.0,[1.0],"[""sheaf_invariant_gluing__naming=easy_symptom_mask=medium__seed-0""]","[""compile_only""]"
sheaf_invariant_gluing,category_theoretic_compositional,symptom_mask,"{""naming"": ""hard""}",easy,1,1,1,0,1.0,[1.0],"[""sheaf_invariant_gluing__naming=hard_symptom_mask=easy__seed-0""]","[""compile_only""]"
sheaf_invariant_gluing,category_theoretic_compositional,symptom_mask,"{""naming"": ""medium""}",easy,1,1,1,0,1.0,[1.0],"[""sheaf_invariant_gluing__naming=medium_symptom_mask=easy__seed-0""]","[""compile_only""]"
sheaf_physical_constraints,category_theoretic_compositional,naming,"{""symptom_mask"": ""easy""}",easy,1,0,0,0,,[],"[""sheaf_physical_constraints__naming=easy_symptom_mask=easy__seed-0""]","[""compile_only""]"
sheaf_physical_constraints,category_theoretic_compositional,naming,"{""symptom_mask"": ""easy""}",hard,1,1,0,1,0.0,[0.0],"[""sheaf_physical_constraints__naming=hard_symptom_mask=easy__seed-0""]","[""compile_only""]"
sheaf_physical_constraints,category_theoretic_compositional,naming,"{""symptom_mask"": ""easy""}",medium,1,1,0,1,0.0,[0.277778],"[""sheaf_physical_constraints__naming=medium_symptom_mask=easy__seed-0""]","[""compile_only""]"
sheaf_physical_constraints,category_theoretic_compositional,naming,"{""symptom_mask"": ""hard""}",easy,1,1,0,1,0.0,[0.277778],"[""sheaf_physical_constraints__naming=easy_symptom_mask=hard__seed-0""]","[""compile_only""]"
sheaf_physical_constraints,category_theoretic_compositional,naming,"{""symptom_mask"": ""medium""}",easy,1,1,0,1,0.0,[0.0],"[""sheaf_physical_constraints__naming=easy_symptom_mask=medium__seed-0""]","[""compile_only""]"
sheaf_physical_constraints,category_theoretic_compositional,symptom_mask,"{""naming"": ""easy""}",easy,1,0,0,0,,[],"[""sheaf_physical_constraints__naming=easy_symptom_mask=easy__seed-0""]","[""compile_only""]"
sheaf_physical_constraints,category_theoretic_compositional,symptom_mask,"{""naming"": ""easy""}",hard,1,1,0,1,0.0,[0.277778],"[""sheaf_physical_constraints__naming=easy_symptom_mask=hard__seed-0""]","[""compile_only""]"
sheaf_physical_constraints,category_theoretic_compositional,symptom_mask,"{""naming"": ""easy""}",medium,1,1,0,1,0.0,[0.0],"[""sheaf_physical_constraints__naming=easy_symptom_mask=medium__seed-0""]","[""compile_only""]"
sheaf_physical_constraints,category_theoretic_compositional,symptom_mask,"{""naming"": ""hard""}",easy,1,1,0,1,0.0,[0.0],"[""sheaf_physical_constraints__naming=hard_symptom_mask=easy__seed-0""]","[""compile_only""]"
sheaf_physical_constraints,category_theoretic_compositional,symptom_mask,"{""naming"": ""medium""}",easy,1,1,0,1,0.0,[0.277778],"[""sheaf_physical_constraints__naming=medium_symptom_mask=easy__seed-0""]","[""compile_only""]"
sheaf_schema_sync,category_theoretic_compositional,naming,"{""symptom_mask"": ""easy""}",easy,1,1,0,1,0.0,[0.0],"[""sheaf_schema_sync__naming=easy_symptom_mask=easy__seed-0""]","[""compile_only""]"
sheaf_schema_sync,category_theoretic_compositional,naming,"{""symptom_mask"": ""easy""}",hard,1,1,0,1,0.0,[0.0],"[""sheaf_schema_sync__naming=hard_symptom_mask=easy__seed-0""]","[""compile_only""]"
sheaf_schema_sync,category_theoretic_compositional,naming,"{""symptom_mask"": ""easy""}",medium,1,1,0,1,0.0,[0.0],"[""sheaf_schema_sync__naming=medium_symptom_mask=easy__seed-0""]","[""compile_only""]"
sheaf_schema_sync,category_theoretic_compositional,naming,"{""symptom_mask"": ""hard""}",easy,1,1,1,0,1.0,[1.0],"[""sheaf_schema_sync__naming=easy_symptom_mask=hard__seed-0""]","[""compile_only""]"
sheaf_schema_sync,category_theoretic_compositional,naming,"{""symptom_mask"": ""medium""}",easy,1,1,0,1,0.0,[0.0],"[""sheaf_schema_sync__naming=easy_symptom_mask=medium__seed-0""]","[""compile_only""]"
sheaf_schema_sync,category_theoretic_compositional,symptom_mask,"{""naming"": ""easy""}",easy,1,1,0,1,0.0,[0.0],"[""sheaf_schema_sync__naming=easy_symptom_mask=easy__seed-0""]","[""compile_only""]"
sheaf_schema_sync,category_theoretic_compositional,symptom_mask,"{""naming"": ""easy""}",hard,1,1,1,0,1.0,[1.0],"[""sheaf_schema_sync__naming=easy_symptom_mask=hard__seed-0""]","[""compile_only""]"
sheaf_schema_sync,category_theoretic_compositional,symptom_mask,"{""naming"": ""easy""}",medium,1,1,0,1,0.0,[0.0],"[""sheaf_schema_sync__naming=easy_symptom_mask=medium__seed-0""]","[""compile_only""]"
sheaf_schema_sync,category_theoretic_compositional,symptom_mask,"{""naming"": ""hard""}",easy,1,1,0,1,0.0,[0.0],"[""sheaf_schema_sync__naming=hard_symptom_mask=easy__seed-0""]","[""compile_only""]"
sheaf_schema_sync,category_theoretic_compositional,symptom_mask,"{""naming"": ""medium""}",easy,1,1,0,1,0.0,[0.0],"[""sheaf_schema_sync__naming=medium_symptom_mask=easy__seed-0""]","[""compile_only""]"
spreadsheet_dataflow,weird_machine,hidden_depth,"{""surface_deceptiveness"": ""easy""}",easy,1,1,1,0,1.0,[1.0],"[""spreadsheet_dataflow__surface_deceptiveness=easy_hidden_depth=easy__seed-0""]","[""behavioral_reference""]"
spreadsheet_dataflow,weird_machine,hidden_depth,"{""surface_deceptiveness"": ""easy""}",hard,1,1,1,0,1.0,[1.0],"[""spreadsheet_dataflow__surface_deceptiveness=easy_hidden_depth=hard__seed-0""]","[""behavioral_reference""]"
spreadsheet_dataflow,weird_machine,hidden_depth,"{""surface_deceptiveness"": ""easy""}",medium,1,1,1,0,1.0,[1.0],"[""spreadsheet_dataflow__surface_deceptiveness=easy_hidden_depth=medium__seed-0""]","[""behavioral_reference""]"
spreadsheet_dataflow,weird_machine,hidden_depth,"{""surface_deceptiveness"": ""hard""}",easy,1,1,1,0,1.0,[1.0],"[""spreadsheet_dataflow__surface_deceptiveness=hard_hidden_depth=easy__seed-0""]","[""behavioral_reference""]"
spreadsheet_dataflow,weird_machine,hidden_depth,"{""surface_deceptiveness"": ""medium""}",easy,1,1,1,0,1.0,[1.0],"[""spreadsheet_dataflow__surface_deceptiveness=medium_hidden_depth=easy__seed-0""]","[""behavioral_reference""]"
spreadsheet_dataflow,weird_machine,surface_deceptiveness,"{""hidden_depth"": ""easy""}",easy,1,1,1,0,1.0,[1.0],"[""spreadsheet_dataflow__surface_deceptiveness=easy_hidden_depth=easy__seed-0""]","[""behavioral_reference""]"
spreadsheet_dataflow,weird_machine,surface_deceptiveness,"{""hidden_depth"": ""easy""}",hard,1,1,1,0,1.0,[1.0],"[""spreadsheet_dataflow__surface_deceptiveness=hard_hidden_depth=easy__seed-0""]","[""behavioral_reference""]"
spreadsheet_dataflow,weird_machine,surface_deceptiveness,"{""hidden_depth"": ""easy""}",medium,1,1,1,0,1.0,[1.0],"[""spreadsheet_dataflow__surface_deceptiveness=medium_hidden_depth=easy__seed-0""]","[""behavioral_reference""]"
spreadsheet_dataflow,weird_machine,surface_deceptiveness,"{""hidden_depth"": ""hard""}",easy,1,1,1,0,1.0,[1.0],"[""spreadsheet_dataflow__surface_deceptiveness=easy_hidden_depth=hard__seed-0""]","[""behavioral_reference""]"
spreadsheet_dataflow,weird_machine,surface_deceptiveness,"{""hidden_depth"": ""medium""}",easy,1,1,1,0,1.0,[1.0],"[""spreadsheet_dataflow__surface_deceptiveness=easy_hidden_depth=medium__seed-0""]","[""behavioral_reference""]"
sql_fixed_point,weird_machine,hidden_depth,"{""surface_deceptiveness"": ""easy""}",easy,1,1,1,0,1.0,[1.0],"[""sql_fixed_point__surface_deceptiveness=easy_hidden_depth=easy__seed-0""]","[""behavioral_reference""]"
sql_fixed_point,weird_machine,hidden_depth,"{""surface_deceptiveness"": ""easy""}",hard,1,1,1,0,1.0,[1.0],"[""sql_fixed_point__surface_deceptiveness=easy_hidden_depth=hard__seed-0""]","[""behavioral_reference""]"
sql_fixed_point,weird_machine,hidden_depth,"{""surface_deceptiveness"": ""easy""}",medium,1,1,0,1,0.0,[0.0],"[""sql_fixed_point__surface_deceptiveness=easy_hidden_depth=medium__seed-0""]","[""behavioral_reference""]"
sql_fixed_point,weird_machine,hidden_depth,"{""surface_deceptiveness"": ""hard""}",easy,1,1,1,0,1.0,[1.0],"[""sql_fixed_point__surface_deceptiveness=hard_hidden_depth=easy__seed-0""]","[""behavioral_reference""]"
sql_fixed_point,weird_machine,hidden_depth,"{""surface_deceptiveness"": ""medium""}",easy,1,1,1,0,1.0,[1.0],"[""sql_fixed_point__surface_deceptiveness=medium_hidden_depth=easy__seed-0""]","[""behavioral_reference""]"
sql_fixed_point,weird_machine,surface_deceptiveness,"{""hidden_depth"": ""easy""}",easy,1,1,1,0,1.0,[1.0],"[""sql_fixed_point__surface_deceptiveness=easy_hidden_depth=easy__seed-0""]","[""behavioral_reference""]"
sql_fixed_point,weird_machine,surface_deceptiveness,"{""hidden_depth"": ""easy""}",hard,1,1,1,0,1.0,[1.0],"[""sql_fixed_point__surface_deceptiveness=hard_hidden_depth=easy__seed-0""]","[""behavioral_reference""]"
sql_fixed_point,weird_machine,surface_deceptiveness,"{""hidden_depth"": ""easy""}",medium,1,1,1,0,1.0,[1.0],"[""sql_fixed_point__surface_deceptiveness=medium_hidden_depth=easy__seed-0""]","[""behavioral_reference""]"
sql_fixed_point,weird_machine,surface_deceptiveness,"{""hidden_depth"": ""hard""}",easy,1,1,1,0,1.0,[1.0],"[""sql_fixed_point__surface_deceptiveness=easy_hidden_depth=hard__seed-0""]","[""behavioral_reference""]"
sql_fixed_point,weird_machine,surface_deceptiveness,"{""hidden_depth"": ""medium""}",easy,1,1,0,1,0.0,[0.0],"[""sql_fixed_point__surface_deceptiveness=easy_hidden_depth=medium__seed-0""]","[""behavioral_reference""]"
ssm_parallel_scan,category_theoretic_compositional,naming,"{""symptom_mask"": ""easy""}",easy,1,1,1,0,1.0,[1.0],"[""ssm_parallel_scan__naming=easy_symptom_mask=easy__seed-0""]","[""compile_only""]"
ssm_parallel_scan,category_theoretic_compositional,naming,"{""symptom_mask"": ""easy""}",hard,1,1,1,0,1.0,[1.0],"[""ssm_parallel_scan__naming=hard_symptom_mask=easy__seed-0""]","[""compile_only""]"
ssm_parallel_scan,category_theoretic_compositional,naming,"{""symptom_mask"": ""easy""}",medium,1,1,1,0,1.0,[1.0],"[""ssm_parallel_scan__naming=medium_symptom_mask=easy__seed-0""]","[""compile_only""]"
ssm_parallel_scan,category_theoretic_compositional,naming,"{""symptom_mask"": ""hard""}",easy,1,1,1,0,1.0,[1.0],"[""ssm_parallel_scan__naming=easy_symptom_mask=hard__seed-0""]","[""compile_only""]"
ssm_parallel_scan,category_theoretic_compositional,naming,"{""symptom_mask"": ""medium""}",easy,1,1,1,0,1.0,[1.0],"[""ssm_parallel_scan__naming=easy_symptom_mask=medium__seed-0""]","[""compile_only""]"
ssm_parallel_scan,category_theoretic_compositional,symptom_mask,"{""naming"": ""easy""}",easy,1,1,1,0,1.0,[1.0],"[""ssm_parallel_scan__naming=easy_symptom_mask=easy__seed-0""]","[""compile_only""]"
ssm_parallel_scan,category_theoretic_compositional,symptom_mask,"{""naming"": ""easy""}",hard,1,1,1,0,1.0,[1.0],"[""ssm_parallel_scan__naming=easy_symptom_mask=hard__seed-0""]","[""compile_only""]"
ssm_parallel_scan,category_theoretic_compositional,symptom_mask,"{""naming"": ""easy""}",medium,1,1,1,0,1.0,[1.0],"[""ssm_parallel_scan__naming=easy_symptom_mask=medium__seed-0""]","[""compile_only""]"
ssm_parallel_scan,category_theoretic_compositional,symptom_mask,"{""naming"": ""hard""}",easy,1,1,1,0,1.0,[1.0],"[""ssm_parallel_scan__naming=hard_symptom_mask=easy__seed-0""]","[""compile_only""]"
ssm_parallel_scan,category_theoretic_compositional,symptom_mask,"{""naming"": ""medium""}",easy,1,1,1,0,1.0,[1.0],"[""ssm_parallel_scan__naming=medium_symptom_mask=easy__seed-0""]","[""compile_only""]"
stochastic_monad,category_theoretic_compositional,naming,"{""symptom_mask"": ""easy""}",easy,1,1,1,0,1.0,[1.0],"[""stochastic_monad__naming=easy_symptom_mask=easy__seed-0""]","[""compile_only""]"
stochastic_monad,category_theoretic_compositional,naming,"{""symptom_mask"": ""easy""}",hard,1,1,1,0,1.0,[1.0],"[""stochastic_monad__naming=hard_symptom_mask=easy__seed-0""]","[""compile_only""]"
stochastic_monad,category_theoretic_compositional,naming,"{""symptom_mask"": ""easy""}",medium,1,1,1,0,1.0,[1.0],"[""stochastic_monad__naming=medium_symptom_mask=easy__seed-0""]","[""compile_only""]"
stochastic_monad,category_theoretic_compositional,naming,"{""symptom_mask"": ""hard""}",easy,1,1,1,0,1.0,[1.0],"[""stochastic_monad__naming=easy_symptom_mask=hard__seed-0""]","[""compile_only""]"
stochastic_monad,category_theoretic_compositional,naming,"{""symptom_mask"": ""medium""}",easy,1,1,1,0,1.0,[1.0],"[""stochastic_monad__naming=easy_symptom_mask=medium__seed-0""]","[""compile_only""]"
stochastic_monad,category_theoretic_compositional,symptom_mask,"{""naming"": ""easy""}",easy,1,1,1,0,1.0,[1.0],"[""stochastic_monad__naming=easy_symptom_mask=easy__seed-0""]","[""compile_only""]"
stochastic_monad,category_theoretic_compositional,symptom_mask,"{""naming"": ""easy""}",hard,1,1,1,0,1.0,[1.0],"[""stochastic_monad__naming=easy_symptom_mask=hard__seed-0""]","[""compile_only""]"
stochastic_monad,category_theoretic_compositional,symptom_mask,"{""naming"": ""easy""}",medium,1,1,1,0,1.0,[1.0],"[""stochastic_monad__naming=easy_symptom_mask=medium__seed-0""]","[""compile_only""]"
stochastic_monad,category_theoretic_compositional,symptom_mask,"{""naming"": ""hard""}",easy,1,1,1,0,1.0,[1.0],"[""stochastic_monad__naming=hard_symptom_mask=easy__seed-0""]","[""compile_only""]"
stochastic_monad,category_theoretic_compositional,symptom_mask,"{""naming"": ""medium""}",easy,1,1,1,0,1.0,[1.0],"[""stochastic_monad__naming=medium_symptom_mask=easy__seed-0""]","[""compile_only""]"
template_interpreter,weird_machine,hidden_depth,"{""surface_deceptiveness"": ""easy""}",easy,1,1,1,0,1.0,[1.0],"[""template_interpreter__surface_deceptiveness=easy_hidden_depth=easy__seed-0""]","[""behavioral_reference""]"
template_interpreter,weird_machine,hidden_depth,"{""surface_deceptiveness"": ""easy""}",hard,1,1,1,0,1.0,[1.0],"[""template_interpreter__surface_deceptiveness=easy_hidden_depth=hard__seed-0""]","[""behavioral_reference""]"
template_interpreter,weird_machine,hidden_depth,"{""surface_deceptiveness"": ""easy""}",medium,1,1,1,0,1.0,[1.0],"[""template_interpreter__surface_deceptiveness=easy_hidden_depth=medium__seed-0""]","[""behavioral_reference""]"
template_interpreter,weird_machine,hidden_depth,"{""surface_deceptiveness"": ""hard""}",easy,1,1,1,0,1.0,[1.0],"[""template_interpreter__surface_deceptiveness=hard_hidden_depth=easy__seed-0""]","[""behavioral_reference""]"
template_interpreter,weird_machine,hidden_depth,"{""surface_deceptiveness"": ""medium""}",easy,1,1,1,0,1.0,[1.0],"[""template_interpreter__surface_deceptiveness=medium_hidden_depth=easy__seed-0""]","[""behavioral_reference""]"
template_interpreter,weird_machine,surface_deceptiveness,"{""hidden_depth"": ""easy""}",easy,1,1,1,0,1.0,[1.0],"[""template_interpreter__surface_deceptiveness=easy_hidden_depth=easy__seed-0""]","[""behavioral_reference""]"
template_interpreter,weird_machine,surface_deceptiveness,"{""hidden_depth"": ""easy""}",hard,1,1,1,0,1.0,[1.0],"[""template_interpreter__surface_deceptiveness=hard_hidden_depth=easy__seed-0""]","[""behavioral_reference""]"
template_interpreter,weird_machine,surface_deceptiveness,"{""hidden_depth"": ""easy""}",medium,1,1,1,0,1.0,[1.0],"[""template_interpreter__surface_deceptiveness=medium_hidden_depth=easy__seed-0""]","[""behavioral_reference""]"
template_interpreter,weird_machine,surface_deceptiveness,"{""hidden_depth"": ""hard""}",easy,1,1,1,0,1.0,[1.0],"[""template_interpreter__surface_deceptiveness=easy_hidden_depth=hard__seed-0""]","[""behavioral_reference""]"
template_interpreter,weird_machine,surface_deceptiveness,"{""hidden_depth"": ""medium""}",easy,1,1,1,0,1.0,[1.0],"[""template_interpreter__surface_deceptiveness=easy_hidden_depth=medium__seed-0""]","[""behavioral_reference""]"
tensor_functor,category_theoretic_compositional,naming,"{""symptom_mask"": ""easy""}",easy,1,1,1,0,1.0,[1.0],"[""tensor_functor__naming=easy_symptom_mask=easy__seed-0""]","[""compile_only""]"
tensor_functor,category_theoretic_compositional,naming,"{""symptom_mask"": ""easy""}",hard,1,1,1,0,1.0,[1.0],"[""tensor_functor__naming=hard_symptom_mask=easy__seed-0""]","[""compile_only""]"
tensor_functor,category_theoretic_compositional,naming,"{""symptom_mask"": ""easy""}",medium,1,1,0,1,0.0,[0.0],"[""tensor_functor__naming=medium_symptom_mask=easy__seed-0""]","[""compile_only""]"
tensor_functor,category_theoretic_compositional,naming,"{""symptom_mask"": ""hard""}",easy,1,1,0,1,0.0,[0.0],"[""tensor_functor__naming=easy_symptom_mask=hard__seed-0""]","[""compile_only""]"
tensor_functor,category_theoretic_compositional,naming,"{""symptom_mask"": ""medium""}",easy,1,1,0,1,0.0,[0.0],"[""tensor_functor__naming=easy_symptom_mask=medium__seed-0""]","[""compile_only""]"
tensor_functor,category_theoretic_compositional,symptom_mask,"{""naming"": ""easy""}",easy,1,1,1,0,1.0,[1.0],"[""tensor_functor__naming=easy_symptom_mask=easy__seed-0""]","[""compile_only""]"
tensor_functor,category_theoretic_compositional,symptom_mask,"{""naming"": ""easy""}",hard,1,1,0,1,0.0,[0.0],"[""tensor_functor__naming=easy_symptom_mask=hard__seed-0""]","[""compile_only""]"
tensor_functor,category_theoretic_compositional,symptom_mask,"{""naming"": ""easy""}",medium,1,1,0,1,0.0,[0.0],"[""tensor_functor__naming=easy_symptom_mask=medium__seed-0""]","[""compile_only""]"
tensor_functor,category_theoretic_compositional,symptom_mask,"{""naming"": ""hard""}",easy,1,1,1,0,1.0,[1.0],"[""tensor_functor__naming=hard_symptom_mask=easy__seed-0""]","[""compile_only""]"
tensor_functor,category_theoretic_compositional,symptom_mask,"{""naming"": ""medium""}",easy,1,1,0,1,0.0,[0.0],"[""tensor_functor__naming=medium_symptom_mask=easy__seed-0""]","[""compile_only""]"
tokenizer_adjunction,category_theoretic_compositional,naming,"{""symptom_mask"": ""easy""}",easy,1,1,1,0,1.0,[1.0],"[""tokenizer_adjunction__naming=easy_symptom_mask=easy__seed-0""]","[""compile_only""]"
tokenizer_adjunction,category_theoretic_compositional,naming,"{""symptom_mask"": ""easy""}",hard,1,1,1,0,1.0,[1.0],"[""tokenizer_adjunction__naming=hard_symptom_mask=easy__seed-0""]","[""compile_only""]"
tokenizer_adjunction,category_theoretic_compositional,naming,"{""symptom_mask"": ""easy""}",medium,1,1,1,0,1.0,[1.0],"[""tokenizer_adjunction__naming=medium_symptom_mask=easy__seed-0""]","[""compile_only""]"
tokenizer_adjunction,category_theoretic_compositional,naming,"{""symptom_mask"": ""hard""}",easy,1,1,1,0,1.0,[1.0],"[""tokenizer_adjunction__naming=easy_symptom_mask=hard__seed-0""]","[""compile_only""]"
tokenizer_adjunction,category_theoretic_compositional,naming,"{""symptom_mask"": ""medium""}",easy,1,1,1,0,1.0,[1.0],"[""tokenizer_adjunction__naming=easy_symptom_mask=medium__seed-0""]","[""compile_only""]"
tokenizer_adjunction,category_theoretic_compositional,symptom_mask,"{""naming"": ""easy""}",easy,1,1,1,0,1.0,[1.0],"[""tokenizer_adjunction__naming=easy_symptom_mask=easy__seed-0""]","[""compile_only""]"
tokenizer_adjunction,category_theoretic_compositional,symptom_mask,"{""naming"": ""easy""}",hard,1,1,1,0,1.0,[1.0],"[""tokenizer_adjunction__naming=easy_symptom_mask=hard__seed-0""]","[""compile_only""]"
tokenizer_adjunction,category_theoretic_compositional,symptom_mask,"{""naming"": ""easy""}",medium,1,1,1,0,1.0,[1.0],"[""tokenizer_adjunction__naming=easy_symptom_mask=medium__seed-0""]","[""compile_only""]"
tokenizer_adjunction,category_theoretic_compositional,symptom_mask,"{""naming"": ""hard""}",easy,1,1,1,0,1.0,[1.0],"[""tokenizer_adjunction__naming=hard_symptom_mask=easy__seed-0""]","[""compile_only""]"
tokenizer_adjunction,category_theoretic_compositional,symptom_mask,"{""naming"": ""medium""}",easy,1,1,1,0,1.0,[1.0],"[""tokenizer_adjunction__naming=medium_symptom_mask=easy__seed-0""]","[""compile_only""]"
transformer_ssm_lift,category_theoretic_compositional,naming,"{""symptom_mask"": ""easy""}",easy,1,1,1,0,1.0,[1.0],"[""transformer_ssm_lift__naming=easy_symptom_mask=easy__seed-0""]","[""compile_only""]"
transformer_ssm_lift,category_theoretic_compositional,naming,"{""symptom_mask"": ""easy""}",hard,1,1,1,0,1.0,[1.0],"[""transformer_ssm_lift__naming=hard_symptom_mask=easy__seed-0""]","[""compile_only""]"
transformer_ssm_lift,category_theoretic_compositional,naming,"{""symptom_mask"": ""easy""}",medium,1,1,1,0,1.0,[1.0],"[""transformer_ssm_lift__naming=medium_symptom_mask=easy__seed-0""]","[""compile_only""]"
transformer_ssm_lift,category_theoretic_compositional,naming,"{""symptom_mask"": ""hard""}",easy,1,1,1,0,1.0,[1.0],"[""transformer_ssm_lift__naming=easy_symptom_mask=hard__seed-0""]","[""compile_only""]"
transformer_ssm_lift,category_theoretic_compositional,naming,"{""symptom_mask"": ""medium""}",easy,1,1,1,0,1.0,[1.0],"[""transformer_ssm_lift__naming=easy_symptom_mask=medium__seed-0""]","[""compile_only""]"
transformer_ssm_lift,category_theoretic_compositional,symptom_mask,"{""naming"": ""easy""}",easy,1,1,1,0,1.0,[1.0],"[""transformer_ssm_lift__naming=easy_symptom_mask=easy__seed-0""]","[""compile_only""]"
transformer_ssm_lift,category_theoretic_compositional,symptom_mask,"{""naming"": ""easy""}",hard,1,1,1,0,1.0,[1.0],"[""transformer_ssm_lift__naming=easy_symptom_mask=hard__seed-0""]","[""compile_only""]"
transformer_ssm_lift,category_theoretic_compositional,symptom_mask,"{""naming"": ""easy""}",medium,1,1,1,0,1.0,[1.0],"[""transformer_ssm_lift__naming=easy_symptom_mask=medium__seed-0""]","[""compile_only""]"
transformer_ssm_lift,category_theoretic_compositional,symptom_mask,"{""naming"": ""hard""}",easy,1,1,1,0,1.0,[1.0],"[""transformer_ssm_lift__naming=hard_symptom_mask=easy__seed-0""]","[""compile_only""]"
transformer_ssm_lift,category_theoretic_compositional,symptom_mask,"{""naming"": ""medium""}",easy,1,1,1,0,1.0,[1.0],"[""transformer_ssm_lift__naming=medium_symptom_mask=easy__seed-0""]","[""compile_only""]"
ts_one_step,trajectory_solver_synthesis,representation,"{""witness_status"": ""broken""}",flat,1,1,0,1,0.0,[0.2857142857142857],"[""ts_one_step__witness_status=broken_representation=flat__seed-0""]","[""compile_only""]"
ts_one_step,trajectory_solver_synthesis,representation,"{""witness_status"": ""broken""}",reflective,1,1,0,1,0.0,[0.0],"[""ts_one_step__witness_status=broken_representation=reflective__seed-0""]","[""compile_only""]"
ts_one_step,trajectory_solver_synthesis,representation,"{""witness_status"": ""valid""}",flat,1,1,0,1,0.0,[0.7142857142857143],"[""ts_one_step__witness_status=valid_representation=flat__seed-0""]","[""compile_only""]"
ts_one_step,trajectory_solver_synthesis,witness_status,"{""representation"": ""flat""}",broken,1,1,0,1,0.0,[0.2857142857142857],"[""ts_one_step__witness_status=broken_representation=flat__seed-0""]","[""compile_only""]"
ts_one_step,trajectory_solver_synthesis,witness_status,"{""representation"": ""flat""}",valid,1,1,0,1,0.0,[0.7142857142857143],"[""ts_one_step__witness_status=valid_representation=flat__seed-0""]","[""compile_only""]"
ts_one_step,trajectory_solver_synthesis,witness_status,"{""representation"": ""reflective""}",broken,1,1,0,1,0.0,[0.0],"[""ts_one_step__witness_status=broken_representation=reflective__seed-0""]","[""compile_only""]"
ts_parse_only,trajectory_solver_synthesis,representation,"{""witness_status"": ""broken""}",flat,1,1,1,0,1.0,[1.0],"[""ts_parse_only__witness_status=broken_representation=flat__seed-0""]","[""compile_only""]"
ts_parse_only,trajectory_solver_synthesis,representation,"{""witness_status"": ""broken""}",reflective,1,1,0,1,0.0,[0.5],"[""ts_parse_only__witness_status=broken_representation=reflective__seed-0""]","[""compile_only""]"
ts_parse_only,trajectory_solver_synthesis,representation,"{""witness_status"": ""valid""}",flat,1,1,1,0,1.0,[1.0],"[""ts_parse_only__witness_status=valid_representation=flat__seed-0""]","[""compile_only""]"
ts_parse_only,trajectory_solver_synthesis,witness_status,"{""representation"": ""flat""}",broken,1,1,1,0,1.0,[1.0],"[""ts_parse_only__witness_status=broken_representation=flat__seed-0""]","[""compile_only""]"
ts_parse_only,trajectory_solver_synthesis,witness_status,"{""representation"": ""flat""}",valid,1,1,1,0,1.0,[1.0],"[""ts_parse_only__witness_status=valid_representation=flat__seed-0""]","[""compile_only""]"
ts_parse_only,trajectory_solver_synthesis,witness_status,"{""representation"": ""reflective""}",broken,1,1,0,1,0.0,[0.5],"[""ts_parse_only__witness_status=broken_representation=reflective__seed-0""]","[""compile_only""]"
ts_trajectory,trajectory_solver_synthesis,representation,"{""witness_status"": ""broken""}",flat,1,1,0,1,0.0,[0.0],"[""ts_trajectory__witness_status=broken_representation=flat__seed-0""]","[""compile_only""]"
ts_trajectory,trajectory_solver_synthesis,representation,"{""witness_status"": ""broken""}",reflective,1,0,0,0,,[],"[""ts_trajectory__witness_status=broken_representation=reflective__seed-0""]","[""compile_only""]"
ts_trajectory,trajectory_solver_synthesis,representation,"{""witness_status"": ""valid""}",flat,1,1,0,1,0.0,[0.0],"[""ts_trajectory__witness_status=valid_representation=flat__seed-0""]","[""compile_only""]"
ts_trajectory,trajectory_solver_synthesis,witness_status,"{""representation"": ""flat""}",broken,1,1,0,1,0.0,[0.0],"[""ts_trajectory__witness_status=broken_representation=flat__seed-0""]","[""compile_only""]"
ts_trajectory,trajectory_solver_synthesis,witness_status,"{""representation"": ""flat""}",valid,1,1,0,1,0.0,[0.0],"[""ts_trajectory__witness_status=valid_representation=flat__seed-0""]","[""compile_only""]"
ts_trajectory,trajectory_solver_synthesis,witness_status,"{""representation"": ""reflective""}",broken,1,0,0,0,,[],"[""ts_trajectory__witness_status=broken_representation=reflective__seed-0""]","[""compile_only""]"
